"","Rue","Peri"
"2","AULNAY ROUTE D'AULNAY /","Périmétre : Périmetre Elémentaire Noue Caillet Albert Camus Tout le cété pair et tout le coté impair v"
"3","AULNAY ROUTE D'AULNAY /","Périmétre : Périmetre Maternelle Jean Zay Tout le cété pair et tout le cdté impair"
"5","AURIOL RUE JACQUELINE AURIOL","Périmétre : Périmetre Maternelle Camille Claudel Tout le cété pair et tout le coté impair \/"
"6","AURIOL RUE JACQUELINE AURIOL","Périmétre : Périmetre Elémentaire Camille Claudel Tout le cété pair et tout le cdté impair"
"8","AVIATION RUE DE L'AVIATION","Périmétre : Périmetre Elementaire Léo Lagrange Tout le cété pair et tout le cote impair"
"9","AVIATION RUE DE L'AVIATION","Périmétre : Périmetre Maternelle Léo Lagrange Tout le cété pair et tout le coté impair"
"13","AZALEES ALLEE DES AZALEES","Périmétre : Périmetre Maternelle Jean Zay Tout le cété pair et tout le cété impair"
"16","BARBUSSE AVENUE HENRI BARBUSSE","Périmétre : Périmétre Elémentaire Guillaume Apollinaire leone pair allant des n° 2 a 38 et cété impair allant des n° 1 a 28 |"
"17","BARBUSSE AVENUE HENRI BARBUSSE","Périmétre : Périmetre Guillaume Apollinaire Cété pair allant des n° 2 a 38 et cété impair allant des n° 1 a 29"
"18","BARBUSSE AVENUE HENRI BARBUSSE","Périmétre : Périmetre Maternelle Henri Sellier Cété pair allant des n?42 4 998 et cété impair allant des n° 79 a 999"
"19","BARBUSSE AVENUE HENRI BARBUSSE","Périmétre : Périmetre Elémentaire Jules Ferry Jean Rostand Coté pair allant des n°(42 a 998 et coté impair sans les n°"
"20","BARBUSSE AVENUE HENRI BARBUSSE","Périmétre : Périmetre Maternelle Camille Claudel Cété pair sans les n° et coté impair allant des n° 31 a3 Vv"
"21","BARBUSSE AVENUE HENRI BARBUSSE","Périmétre : Périmetre Elémentaire Léo Lagrange Cété pair sans les n° et coté impair allant des n° 37 a 999 a FO 4"
"22","BARBUSSE AVENUE HENRI BARBUSSE","Périmétre : Périmetre Maternelle Léo Lagrange Cété pair sans les n° et cété impair allant des n° 37 a 772"
"23","BARBUSSE AVENUE HENRI BARBUSSE","Périmétre : Périmetre Elémentaire Camille Claudel Cété pair sans les n° et cdté impair allant des n 31a 35 > r/"
"25","BASTIE ALLEE MARYSE BASTIE","Périmétre : Périmetre Elémentaire Jules Ferry Jean Rostand Tout le cété pair et tout le cote impair"
"26","BASTIE ALLEE MARYSE BASTIE","Périmétre : Périmetre Maternelle Jules Ferry Tout le cété pair et tout le cété impair"
"29","BAUDELAIRE RUE BAUDELAIRE","Périmétre : Périmetre Maternelle Olympe de Gouges Tout le cété pair et tout le cote impair"
"30","BAUDELAIRE RUE BAUDELAIRE","Périmétre : Périmetre Elémentaire Olympe de Gouges Tout le cété pair et tout le cété impair"
"32","BAUDIN RUE BAUDIN","Périmétre : Périmetre Eleémentaire R.Salengro J.Béthinger Tout le cété pair et tout le cote impair"
"33","BAUDIN RUE BAUDIN","Périmétre : Périmetre Maternelle Alain Savary Roger Salengr Tout le cété pair et tout le cdté impair"
"35","BEAUREGARD RUE BEAUREGARD . i","Périmétre : Périmetre Elementaire R.Salengro J.Béthinger Tout le cété pair et tout le cété impair /"
"36","BEAUREGARD RUE BEAUREGARD . i","Périmétre : Périmetre Maternelle Alain Savary Roger Salengr Tout le cété pair et tout le cdtée impair"
"38","BEAUVOIR RUE SIMONE DE BEAUVOIR","Périmétre : Périmetre Maternelle Jules Ferry Tout le cété pair et tout le cété impair V"
"39","BEAUVOIR RUE SIMONE DE BEAUVOIR","Périmétre : Périmetre Elémentaire Jules Ferry Jean Rostand Tout le cété pair et tout le cote impair"
"41","BECQUEREL ALLEE BECQUEREL","Périmétre : Périmetre Maternelle Pierre Curie Tout le cété pair et tout le cdté impair"
"42","BECQUEREL ALLEE BECQUEREL","Périmétre : Périmétre Elémentaire Pierre Curie Tout le cété pair et tout le cété impair"
"45","Périmétre : Périmétre Elémentaire Jules Ferry 2 (rue F.COLLE Tout le cété pair et tout le coté impair","Périmétre : Périmétre Elémentaire Jules Ferry 2 (rue F.COLLE Tout le cété pair et tout le coté impair"
"46","Périmétre : Périmétre Elémentaire Jules Ferry 2 (rue F.COLLE Tout le cété pair et tout le coté impair","Périmétre : Périmetre Maternelle Henri Sellier Tout le cété pair et tout le cété impair"
"48","BELFORT AVENUE DE BELFORT","Périmétre : Périmétre Elémentaire Pierre Curie Tout le cété pair et tout le cété impair"
"49","BELFORT AVENUE DE BELFORT","Périmétre : Périmetre Maternelle Pierre Curie Tout le cété pair et tout le cdté impair"
"56","FREMIN RUE FREMIN","Périmétre : Périmetre Maternelle Mainguy Tout le cété pair et tout le cété impair"
"57","FREMIN RUE FREMIN","Périmétre : Périmétre Elémentaire Mainguy/Guehenno Tout le cété pair et tout le cdté impair"
"59","FRENES ALLEE DES FRENES","Périmétre : Périmétre A.Césaire/A.Boulloche Tout le cété pair et tout le cété impair"
"60","FRENES ALLEE DES FRENES","Périmétre : Périmetre Maternelle Terre Saint Blaise Tout le cété pair et tout le cété impair"
"62","FURCI ALLEE DE FURCI ‘","Périmétre : Périmetre Maternelle Alain Savary Roger Salengr Tout le cété pair et tout le cété impair \ |"
"63","FURCI ALLEE DE FURCI ‘","Périmétre : Périmetre Elémentaire R.Salengro J.Béthinger Tout le cété pair et tout le cote impair )"
"65","GABRIELLE ALLEE GABRIELLE","Périmétre : Périmetre Elémentaire Jules Ferry Jean Rostand Tout le cété pair et tout le cété impair"
"66","GABRIELLE ALLEE GABRIELLE","Périmétre : Périmetre Maternelle Jules Ferry Tout le cété pair et tout le cété impair"
"70","GALLIENI AVENUE GALLIENI ;","Périmétre : Périmétre Elémentaire Mainguy/Guehenno y, Cété pair allant des n° 2 4 102 et cdté impair sans les n° |"
"71","GALLIENI AVENUE GALLIENI ;","Périmétre : Périmetre Elémentaire Léo Lagrange ‘, Cété pair allant des n° 104 a 998 et cété impair sans lesn®* ~>"
"72","GALLIENI AVENUE GALLIENI ;","Périmétre : Périmetre Maternelle Léo Lagrange } Cété pair allant des n° 104 a 998 et coté impair sans les n° |"
"73","GALLIENI AVENUE GALLIENI ;","Périmétre : Périmétre Elémentaire Louis Pasteur “ Cété pair sans les n° et cdté impair allant des n° 107 4211 »"
"74","GALLIENI AVENUE GALLIENI ;","Périmétre : Périmetre Maternelle Pasteur , Cété pair sans les n° et coté impair allant des n° 107 a 211 E"
"76","GARGANTUA RUE GARGANTUA","Périmétre : Périmetre Maternelle Terre Saint Blaise Tout le cété pair et tout le cété impair"
"77","GARGANTUA RUE GARGANTUA","Périmétre : Périmétre A.Césaire/A.Boulloche Tout le cété pair et tout le cété impair"
"83","GAUGUIN PLACE PAUL GAUGUIN","Périmétre : Périmetre Maternelle Alain Savary Roger Salengr Tout le cété pair et tout le cété impair"
"84","GAUGUIN PLACE PAUL GAUGUIN","Périmétre : Périmetre Elémentaire R.Salengro J.Béthinger Tout le cété pair et tout le cété impair"
"87","GAZELLES RUE DES GAZELLES","Périmétre : Périmetre Maternelle Léo Lagrange Tout le cété pair et tout le cété impair"
"89","GLAIEULS ALLEE DES GLAIEULS","Périmétre : Périmetre Maternelle Jean Zay Tout le cété pair et tout le cdté impair"
"90","GLAIEULS ALLEE DES GLAIEULS","Périmétre : Périmétre Elémentaire Noue Caillet Albert Camus Tout le cété pair et tout le cété impair"
"92","GLYCINES ALLEE DES GLYCINES","Périmétre : Périmetre Maternelle Jean Zay Tout le cété pair et tout le cété impair"
"93","GLYCINES ALLEE DES GLYCINES","Périmétre : Périmétre Elémentaire Noue Caillet Albert Camus Tout le cété pair et tout le cété impair"
"95","GOUNOD ALLEE CHARLES GOUNOD","Périmétre : Périmetre Elémentaire R.Salengro J.Béthinger Tout le cété pair et tout le cété impair"
"96","GOUNOD ALLEE CHARLES GOUNOD","Périmétre : Périmetre Maternelle Alain Savary Roger Salengr: Tout le cété pair et tout le coté impair"
"98","GOYA _ ALLEE FRANCISCO GOYA","Périmétre : Périmetre Maternelle Alain Savary Roger Salengr: Tout le cété pair et tout le cote impair"
"101","GRAFF RUE GEORGES GRAFF","Périmétre : Périmetre Elémentaire Jules Ferry Jean Rostand Tout le cété pair et tout le cote impair"
"102","GRAFF RUE GEORGES GRAFF","Périmétre : Périmetre Maternelle Henri Sellier Tout le cété pair et tout le cété impair"
"108","GRANDET AVENUE CLARA GRANDET » 7","Périmétre : Périmétre Elémentaire Noue Caillet Albert Camus Tout le cété pair et tout le cété impair \"
"111","GRANDGOUSIER RUE GRANDGOUSIER","Périmétre : Périmetre Maternelle Terre Saint Blaise Tout le cété pair et tout le cété impair"
"112","GRANDGOUSIER RUE GRANDGOUSIER","Périmétre : Périmétre A.Césaire/A.Boulloche Tout le cété pair et tout le cdté impair"
"114","GROS BUISSSON ALLEE DU GROS BUISSSON","Périmétre : Périmétre Elémentaire Pierre Curie Tout le cdté pair et tout le cété impair"
"117","GROSLAY CHEMIN DE GROSLAY YL ,","Périmétre : Périmétre Elémentaire Noue Caillet Albert Camus Tout le cété pair et cété impair sans les n° V/"
"118","GROSLAY CHEMIN DE GROSLAY YL ,","Périmétre : Périmetre Maternelle Jean Zay Tout le cété pair et cdté impair sans les n° ."
"121","GROUSSIER RUE ARTHUR GROUSSIER _","Périmétre : Périmétre Elémentaire Louis Pasteur Tout le cété pair et cdté impair allant des nS a 999 ,"
"122","GROUSSIER RUE ARTHUR GROUSSIER _","Périmétre : Périmetre Maternelle Jean Zay Cété pair sans les n° et cdté impair allant des n° 1a3 f"
"123","GROUSSIER RUE ARTHUR GROUSSIER _","Périmétre : Périmétre Elémentaire Noue Caillet Albert Camus Cété pair sans les n° et coté impair allant des n° 1a 3 #,"
"128","GUESDE RUE JULES GUESDE /","Périmétre : Périmeétre Elementaire Mainguy/Guehenno | Tout le cété pair et tout le cété impair ;"
"130","GUEUGNON AVENUE GUEUGNON F","Périmétre : Périmétre Elémentaire Noue Caillet Albert Camus Tout le cété pair et tout le cote impair wy"
"131","GUEUGNON AVENUE GUEUGNON F","Périmétre : Périmetre Maternelle Jean Zay Tout le cété pair et tout le cété impair ."
"134","GUYARD RUE AMEDEE GUYARD","Périmétre : Périmetre Maternelle Léo Lagrange Tout le cété pair et tout le cété impair"
"136","HARENDT ALLEE HANNAH HARENDT","Périmétre : Périmetre Elémentaire Léo Lagrange Tout le cété pair et tout le cété impair"
"139","HAYDN IMPASSE HAYDN","Périmétre : Périmetre Elémentaire Jules Ferry Jean Rostand Tout le cété pair et tout le coté impair"
"142","HETRES ALLEE DES HETRES","Périmétre : Périmetre Maternelle Pierre Curie Tout le cété pair et tout le cété impair"
"144","HORTENSIAS ALLEE DES HORTENSIAS","Périmétre : Périmétre Elementaire Noue Caillet Albert Camus Tout le cété pair et tout le cété impair"
"145","HORTENSIAS ALLEE DES HORTENSIAS","Périmétre : Périmetre Maternelle Jean Zay Tout le cété pair et tout le cété impair"
"147","HUGO ALLEE VICTOR HUGO","Périmétre : Périmetre Maternelle Jules Ferry Tout le cété pair et tout le c6té impair"
"148","Périmétre : Périmétre Elémentaire Jules Ferry 2 (rue F.COLLE Tout le cété pair et tout le cote impair","Périmétre : Périmétre Elémentaire Jules Ferry 2 (rue F.COLLE Tout le cété pair et tout le cote impair"
"149","Périmétre : Périmétre Elémentaire Jules Ferry 2 (rue F.COLLE Tout le cété pair et tout le cote impair","Périmétre : Périmetre Elémentaire Jules Ferry Jean Rostand Tout le cété pair et tout le coté impair"
"151","HUIT MAI 1945 SQUARE DU HUIT MAI 1945","Périmétre : Périmetre Maternelle Camille Claudel Tout le cété pair et tout le cdté impair"
"152","HUIT MAI 1945 SQUARE DU HUIT MAI 1945","Périmétre : Périmetre Elémentaire Camille Claudel Tout le cété pair et tout le cété impair"
"154","IDEAL AVENUE DE L'IDEAL","Périmétre : Périmetre Maternelle Henri Sellier Tout le cdté pair et tout le cété impair"
"162","IDEAL AVENUE DE L'IDEAL","Périmétre : Périmetre Elémentaire Jules Ferry Jean Rostand Tout le cété pair et tout le cété impair"
"167","INGRES ALLEE INGRES","Périmétre : Périmetre Maternelle Alain Savary Roger Salengr« Tout le cété pair et tout le cdté impair"
"170","IRIS ALLEE DES IRIS","Périmétre : Périmetre Elémentaire Camille Claudel Tout le cété pair et tout le cété impair"
"175","JARDINIERE IMPASSE DE LA JARDINIERE","Périmétre : Périmetre Maternelle Pasteur Tout le cété pair et tout le cdté impair"
"177","JARDINIERE IMPASSE DE LA JARDINIERE","Périmétre : Périmétre Elémentaire Louis Pasteur Tout le cdté pair et tout le cété impair"
"180","JARDINIERE ALLEE DE LA JARDINIERE","Périmétre : Périmétre Elémentaire Louis Pasteur Tout le cété pair et tout le coté impair , /"
"182","JARDINIERE ALLEE DE LA JARDINIERE","Périmétre : Périmetre Maternelle Pasteur Tout le cdté pair et tout le c6té impair V"
"185","JAURES RUE JEAN JAURES","Périmétre : Périmétre Elementaire Mainguy/Guehenno Tout le cété pair et tout le coté impair"
"187","JAURES RUE JEAN JAURES","Périmétre : Périmetre Maternelle Mainguy Tout le cété pair et tout le cété impair"
"190","JEANNETTE ALLEE DE LAVILLA JEANNETTE","Périmétre : Périmetre Elémentaire Jules Ferry Jean Rostand Tout le cété pair et tout le cété impair"
"192","JEANNETTE ALLEE DE LAVILLA JEANNETTE","Périmétre : Périmetre Maternelle Jules Ferry Tout le cété pair et tout le cété impair"
"199","JOUHAUX AVENUE LEON JOUHAUX *","Périmétre : Périmetre Maternelle Terre Saint Blaise Tout le cété pair et tout le cété impair"
"202","JUSSIEU RUE BERNARD DE JUSSIEU","Périmétre : Périmetre Elémentaire Jules Ferry Jean Rostand Tout le cété pair et tout le cété impair"
"207","KIPLING RUE RUDYARD KIPLING","Périmétre : Périmetre Maternelle Jules Ferry Tout le cété pair et tout le cété impair"
"209","KIPLING RUE RUDYARD KIPLING","Périmétre : Périmetre Elémentaire Jules Ferry Jean Rostand Tout le cété pair et tout le cété impair"
"214","LAFARGUE ALLEE PAUL LAFARGUE","Périmétre : Périmetre Maternelle Alain Savary Roger Salengr Tout le cété pair et tout le cdté impair"
"217","LATERAL CHEMIN LATERAL","Périmétre : Périmetre Maternelle Jean Zay Tout le cété pair et tout le cété impair 4 j"
"224","LAUG RUE LAUG","Périmétre : Périmétre Elémentaire Louis Pasteur Tout le cété pair et tout le cété impair"
"229","LAURENCIN SQUARE MARIE LAURENCIN","Périmétre : Périmetre Elementaire Jules Ferry Jean Rostand Tout le cété pair et tout le cété impair"
"234","LAURIERS ALLEE DES LAURIERS","Périmétre : Périmetre Maternelle Jean Zay Tout le cété pair et tout le cété impair"
"237","LAVIGNE VILLA LAVIGNE","Périmétre : Périmetre Maternelle Alain Savary Roger Salengr: Tout le cété pair et tout le cété impair"
"248","LEBAS AVENUE JEAN LEBAS","Périmétre : Périmetre Maternelle Jean Zay Tout le cété pair et tout le cété impair"
"250","LEBAS AVENUE JEAN LEBAS","Périmétre : Périmétre Elementaire Noue Caillet Albert Camus Tout le caté pair et tout le cdté impair"
"257","LECOMTE RUE JULES LECOMTE","Périmétre : Périmetre Maternelle Terre Saint Blaise Tout le cété pair et tout le c6té impair"
"261","LEDER RUE DAVID LEDER","Périmétre : Périmétre Elémentaire Pierre Curie Tout le cété pair et tout le cété impair"
"263","LEDER RUE DAVID LEDER","Périmétre : Périmetre Maternelle Pierre Curie Tout le cété pair et tout le cété impair"
"268","LELONG RUE JULES LELONG","Périmétre : Périmetre Maternelle Alain Savary Roger Salengr: Tout le cété pair et tout le cdté impair"
"270","LELONG RUE JULES LELONG","Périmétre : Périmetre Elémentaire R.Salengro J.Béthinger Tout le cété pair et tout le cdté impair"
"277","Périmétre : Périmétre Elémentaire Jules Ferry 2 (rue F.COLLE Tout le cété pair et tout le cdté impair f","Périmétre : Périmétre Elémentaire Jules Ferry 2 (rue F.COLLE Tout le cété pair et tout le cdté impair f"
"279","Périmétre : Périmétre Elémentaire Jules Ferry 2 (rue F.COLLE Tout le cété pair et tout le cdté impair f","Périmétre : Périmetre Elémentaire Jules Ferry Jean Rostand Tout le cété pair et tout le cété impair"
"283","LEON ALLEE LEON","Périmétre : Périmetre Maternelle Léo Lagrange Tout le cété pair et tout le cété impair"
"285","LEON ALLEE LEON","Périmétre : Périmetre Elementaire Léo Lagrange Tout le cété pair et tout le cété impair"
"289","LETTRES ALLEE DES LETTRES","Périmétre : Périmetre Maternelle Pierre Curie Tout le cété pair et tout le cdté impair"
"291","LETTRES ALLEE DES LETTRES","Périmétre : Périmétre Elémentaire Pierre Curie Tout le cété pair et tout le cété impair"
"307","LIBERTE RUE DE LALIBERTE","Périmétre : Périmetre Elémentaire R.Salengro J.Béthinger Tout le cété pair et tout le cété impair"
"309","LIBERTE RUE DE LALIBERTE","Périmétre : Périmetre Maternelle Alain Savary Roger Salengr: Tout le cété pair et tout le cété impair"
"313","LILAS ALLEE DES LILAS","Périmétre : Périmetre Maternelle Camille Claudel Tout le cété pair et tout le cété impair"
"318","LILAS ALLEE DES LILAS","Périmétre : Périmetre Elémentaire Camille Claudel Tout le cété pair et tout le cété impair"
"323","LIMITES RUE DES LIMITES","Périmétre : Périmetre Maternelle Pierre Curie Tout le cété pair et tout le cété impair"
"325","LIMITES RUE DES LIMITES","Périmétre : Périmétre Elémentaire Pierre Curie Tout le cété pair et tout le cété impair"
"329","LION RUE DU LION |","Périmétre : Périmetre Eleémentaire R.Salengro J.Béthinger Tout le cété pair et tout le cété impair |"
"335","LOUISE ALLEE LOUISE","Périmétre : Périmetre Elémentaire Jules Ferry Jean Rostand Tout le cété pair et tout le coté impair"
"341","LOUISE MICHEL ALLEE LOUISE MICHEL","Périmétre : Périmetre Elémentaire Jules Ferry Jean Rostand Tout le cété pair et tout le cété impair"
"343","LOUISE MICHEL ALLEE LOUISE MICHEL","Périmétre : Périmetre Maternelle Jules Ferry Tout le cété pair et tout le cété impair"
"352","LUTHER KING RUE MARTIN LUTHER KING J","Périmétre : Périmetre Elémentaire Jules Ferry Jean Rostand Tout le cété pair et tout le cété impair"
"353","LUTHER KING RUE MARTIN LUTHER KING J","Périmétre : Périmetre Maternelle Henri Sellier Tout le cété pair et tout le cdté impair"
"355","LYSSANDRE PLACE GEORGES LYSSANDRE","Périmétre : Périmetre Maternelle Henri Sellier Cété pair allant des n° 12 a 38 et cdté impair sans les n° \/"
"359","LYSSANDRE PLACE GEORGES LYSSANDRE","Périmétre : Périmetre Maternelle Camille Claudel 6té pair allant des n° 4 a 10 et cdté impair sans les n°"
"361","LYSSANDRE PLACE GEORGES LYSSANDRE }","Périmétre : Périmetre Maternelle Camille Claudel été pair allant des n° 40 a 56 et cété impair sans les n° /"
"362","LYSSANDRE PLACE GEORGES LYSSANDRE }","Périmétre : Périmetre Elémentaire Camille Claudel 6té pair allant des n° 40 2 56 et cété impair sans les n°"
"363","LYSSANDRE PLACE GEORGES LYSSANDRE }","Périmétre : Périmetre Elémentaire Jules Ferry Jean Rostand, Cété pair allant des n° 58 a 998 et cété impair sans les n°"
"364","LYSSANDRE PLACE GEORGES LYSSANDRE }","Périmétre : Périmetre Maternelle Henri Sellier Cété pair allant des n° 58 a 998 et cdté impair sans les n°"
"366","MADELEINE VILLA MADELEINE","Périmétre : Périmetre Maternelle Alain Savary Roger Salengr Tout le cété pair et tout le cdté impair"
"367","MADELEINE VILLA MADELEINE","Périmétre : Périmetre Elémentaire R.Salengro J.Béthinger Tout le cété pair et tout le cété impair"
"369","MANET ALLEE EDOUARD MANET","Périmétre : Périmetre Maternelle Alain Savary Roger Salengr Tout le cété pair et tout le cété impair"
"370","MANET ALLEE EDOUARD MANET","Périmétre : Périmetre Elémentaire R.Salengro J.Béthinger Tout le cété pair et tout le cété impair"
"372","MARAICHERS RUE DES MARAICHERS","Périmétre : Périmetre Maternelle Mainguy Tout le cété pair et tout le cété impair"
"373","MARAICHERS RUE DES MARAICHERS","Périmétre : Périmétre Elémentaire Mainguy/Guehenno Tout le cété pair et tout le cote impair"
"376","MARE ALA VEUVE CHEMIN DE LAMARE ALA VEUVE","Périmétre : Périmetre Maternelle Pierre Curie Tout le cété pair et tout le cété impair"
"378","MARE ALA VEUVE PRC CHEMIN MARE ALA VEUVE PROLON .","Périmétre : Périmétre Elémentaire Pierre Curie Tout le cété pair et tout le cété impair"
"379","MARE ALA VEUVE PRC CHEMIN MARE ALA VEUVE PROLON .","Périmétre : Périmetre Maternelle Pierre Curie Tout le cété pair et tout le cété impair"
"381","MARGUERITE AVENUE MARGUERITE","Périmétre : Périmetre Maternelle Pasteur Tout le cété pair et tout le cété impair"
"382","MARGUERITE AVENUE MARGUERITE","Périmétre : Périmétre Elémentaire Louis Pasteur Tout le cété pair et tout le cété impair"
"384","MARIE ALLEE MARIE LAURENCIN","Périmétre : Périmetre Elémentaire Jules Ferry Jean Rostand Tout le cété pair et tout le cété impair"
"387","MARRONNIERS VILLA MARRONNIERS","Périmétre : Périmetre Maternelle Alain Savary Roger Salengr Tout le cété pair et tout le coté impair"
"388","MARRONNIERS VILLA MARRONNIERS","Périmétre : Périmetre Elémentaire R.Salengro J.Béthinger Tout le cété pair et tout le cdté impair"
"390","MARTHE ALLEE ALEXANDRE MARTHE","Périmétre : Périmetre Maternelle Camille Claudel Tout le cété pair et tout le cété impair"
"391","MARTHE ALLEE ALEXANDRE MARTHE","Périmétre : Périmetre Elémentaire Camille Claudel Tout le cété pair et tout le cété impair"
"397","MARTIN RUE FRANCOIS MARTIN","Périmétre : Périmétre Elémentaire Noue Caillet Albert Camus Tout le cété pair et tout le cété impair"
"404","MASSON RUE EUGENE MASSON","Périmétre : Périmetre Elémentaire Jules Ferry Jean Rostand Tout le cdté pair et tout le cété impair"
"405","MASSON RUE EUGENE MASSON","Périmétre : Périmetre Maternelle Henri Sellier Tout le cété pair et tout le cété impair"
"407","MAUPASSANT RUE GUY DE MAUPASSANT","Périmétre : Périmetre Elémentaire Jules Ferry Jean Rostand Tout le cété pair et tout le cdté impair"
"408","MAUPASSANT RUE GUY DE MAUPASSANT","Périmétre : Périmetre Maternelle Henri Sellier Tout le cété pair et tout le cdété impair"
"410","MEAUX | RUE DE MEAUX","Périmétre : Périmetre Maternelle Terre Saint Blaise Tout le cété pair et tout le cété impair"
"411","MEAUX | RUE DE MEAUX","Périmétre : Périmétre A.Césaire/A.Boulloche Tout le cété pair et tout le cété impair"
"414","MENDES FRANCE PLACE MENDES FRANCE","Périmétre : Périmetre Maternelle Pierre Curie Tout le cété pair et tout le cété impair"
"418","MERLAN CHEMIN DE MERLAN","Périmétre : Périmetre Elémentaire R.Salengro J.Béthinger Tout le cété pair et tout le cété impair"
"419","MERLAN CHEMIN DE MERLAN","Périmétre : Périmetre Maternelle Alain Savary Roger Salengr Tout le cété pair et tout le coté impair"
"421","MESARMES AVENUE DES MESARMES","Périmétre : Périmétre Elémentaire Noue Caillet Albert Camus Tout le cété pair et tout le cété impair . |"
"422","MESARMES AVENUE DES MESARMES","Périmétre : Périmetre Maternelle Jean Zay Tout le cété pair et tout le cété impair al"
"424","METZ AVENUE DE METZ","Périmétre : Périmetre Maternelle Pierre Curie Tout le cété pair et tout le cdté impair"
"427","MICHELET RUE MICHELET","Périmétre : Périmetre Elémentaire R.Salengro J.Béthinger Tout le cété pair et tout le cété impair J"
"428","MICHELET RUE MICHELET","Périmétre : Périmetre Maternelle Alain Savary Roger Salengr Tout le cdté pair et tout le cété impair"
"430","MICHELET PASSAGE MICHELET","Périmétre : Périmetre Maternelle Alain Savary Roger Salengr: Tout le cdté pair et tout le cdté impair"
"431","MICHELET PASSAGE MICHELET","Périmétre : Périmetre Elémentaire R.Salengro J.Béthinger Cété pair sans les n° et tout le cété impair"
"433","MIDI : RUE DU MIDI","Périmétre : Périmetre Maternelle Pierre Curie Tout le cété pair et tout le cdté impair"
"434","MIDI : RUE DU MIDI","Périmétre : Périmétre Elémentaire Pierre Curie Tout le cété pair et tout le cété impair"
"436","MIGNARD ALLEE NICOLAS MIGNARD","Périmétre : Périmetre Maternelle Alain Savary Roger Salengr« Tout le cété pair et tout le cote impair"
"437","MIGNARD ALLEE NICOLAS MIGNARD","Périmétre : Périmetre Elementaire R.Salengro J.Béthinger Tout le cété pair et tout le cété impair"
"439","MILLET ALLEE JEAN-FRANCOIS MILLET |","Périmétre : Périmetre Maternelle Alain Savary Roger Salengr: Tout le cété pair et tout le cote impair"
"440","MILLET ALLEE JEAN-FRANCOIS MILLET |","Périmétre : Périmetre E!6mentaire R.Salengro J.Béthinger Tout le cdté pair et tout le cdté impair"
"443","MOLERET RUE DU MOLERET","Périmétre : Périmetre Elementaire Jules Ferry Jean Rostand Tout le cété pair et tout le coté impair"
"445","MOLIERE ALLEE MOLIERE","Périmétre : Périmetre Elémentaire Jules Ferry Jean Rostand Tout le cété pair et tout le cété impair"
"446","MOLIERE ALLEE MOLIERE","Périmétre : Périmetre Maternelle Henri Sellier Tout le cété pair et tout le cdté impair"
"448","MONNET RUE JEAN MONNET","Périmétre : Périmeétre Elémentaire Pierre Curie Tout le cété pair et tout le cété impair"
"457","MONOD RUE THEODORE MONOD","Périmétre : Périmetre Elémentaire Jules Ferry Jean Rostand Tout le cété pair et tout le cété impair"
"462","MOULIN ALLEE DU MOULIN","Périmétre : Périmetre Maternelle Alain Savary Roger Salengr Tout le cété pair et tout le cété impair"
"463","MOULIN ALLEE DU MOULIN","Périmétre : Périmetre Elementaire R.Salengro J.Béthinger Tout le cété pair et tout le cété impair"
"465","MOULIN AVENUE JEAN MOULIN ;","Périmétre : Périmetre Maternelle Jean Zay Tout le cdté pair et tout le cété impair \ f"
"466","MOULIN AVENUE JEAN MOULIN ;","Périmétre : Périmétre Elementaire Noue Caillet Albert Camus Tout le cété pair et tout le cété impair vw"
"468","MOULY RUE HENRI MOULY","Périmétre : Périmetre Maternelle Jean Zay Tout le cété pair et tout le cété impair"
"469","MOULY RUE HENRI MOULY","Périmétre : Périmetre Elémentaire Noue Caillet Albert Camus Tout le cété pair et tout le coté impair"
"471","MOZART ALLEE MOZART","Périmétre : Périmetre Maternelle Jean Zay Tout le cété pair et tout le cété impair"
"475","NANCY AVENUE DE NANCY","Périmétre : Périmétre Elémentaire Pierre Curie Tout le cété pair et tout le cété impair"
"477","Périmétre : Périmétre Elémentaire Jules Ferry 2 (rue F.;COLLE Tout le cété pair et tout le cété impair","Périmétre : Périmétre Elémentaire Jules Ferry 2 (rue F.;COLLE Tout le cété pair et tout le cété impair"
"478","Périmétre : Périmétre Elémentaire Jules Ferry 2 (rue F.;COLLE Tout le cété pair et tout le cété impair","Périmétre : Périmetre Maternelle Jules Ferry Tout le cdté pair et tout le cété impair"
"481","NERUDA ALLEE PABLO NERUDA","Périmétre : Périmétre A.Césaire/A.Boulloche Tout le cété pair et tout le cété impair"
"482","NERUDA ALLEE PABLO NERUDA","Périmétre : Périmetre Maternelle Terre Saint Blaise Tout le cété pair et tout le cété impair"
"484","NEUBURGER PLACE NICOLE NEUBURGER","Périmétre : Périmetre Maternelle Léo Lagrange Tout le cété pair et tout le cété impair"
"485","NEUBURGER PLACE NICOLE NEUBURGER","Périmétre : Périmetre Elémentaire Léo Lagrange Tout le cété pair et tout le cété impair"
"491","NOEMIE RUE NOEMIE","Périmétre : Périmetre Elémentaire Camille Claudel Tout le cété pair et tout le cété impair"
"494","NOUE CAILLET CENTRE COM LA NOUE CAILLET","Périmétre : Périmétre Elémentaire Noue Caillet Albert Camus Tout le cété pair et tout le cété impair"
"497","ORCHIDEES ALLEE DES ORCHIDEES","Périmétre : Périmetre Maternelle Léo Lagrange Tout le cété pair et tout le cété impair"
"502","PAIN RUE ODETTE PAIN","Périmétre : Périmetre Maternelle Jean Zay Tout le cété pair et tout le cété impair \ |"
"509","PAIN RUE ODETTE PAIN 1 7","Périmétre : Périmétre Elémentaire Noue Caillet Albert Camus Tout le cété pair et tout le cote impair J"
"511","PAIX ALLEE DE LA PAIX","Périmétre : Périmetre Elémentaire Jules Ferry Jean Rostand Tout le cété pair et tout le coté impair"
"512","PAIX ALLEE DE LA PAIX","Périmétre : Périmetre Maternelle Jules Ferry Tout le cété pair et tout le cdté impair"
"515","PANURGE RUE DE PANURGE","Périmétre : Périmetre Maternelle Terre Saint Blaise Tout le cdté pair et tout le cdté impair"
"516","PANURGE RUE DE PANURGE","Périmétre : Périmétre A.Césaire/A.Boulloche Tout le cété pair et tout le cdté impair"
"518","PAQUERETTES ALLEE DES PAQUERETTES","Périmétre : Périmetre Elémentaire Léo Lagrange Tout le cdté pair et tout le cété impair"
"522","PARISIENNE AVENUE DE LA PARISIENNE","Périmétre : Périmeétre Elémentaire Louis Pasteur Cété pair allant des n° 2 a 28 et cété impair sans les n°"
"523","PARISIENNE AVENUE DE LA PARISIENNE","Périmétre : Périmetre Maternelle Pasteur Cété pair allant des n° 2 a 28 et cdté impair sans les n°"
"524","PARISIENNE AVENUE DE LA PARISIENNE","Périmétre : Périmetre Maternelle Olympe de Gouges Cété pair allant des n° 30 a 34 et tout le coté impair"
"525","PARISIENNE AVENUE DE LA PARISIENNE","Périmétre : Périmetre Elémentaire Olympe de Gouges Cété pair allant des n° 30 a 34 et tout le cété impair"
"527","PARISIENNE IMPASSE DE LA PARISIENNE","Périmétre : Périmetre Maternelle Pasteur Cété pair allant des n° 2 a 28 et cdté impair sans les n°"
"528","PARISIENNE IMPASSE DE LA PARISIENNE","Périmétre : Périmétre Elémentaire Louis Pasteur Tout le cété pair et tout le cdté impair"
"530","PARKS RUE ROSA PARKS","Périmétre : Périmetre Elementaire Leo Lagrange Tout le cété pair et tout le cété impair"
"532","PARMENTIER VILLA PARMENTIER","Périmétre : Périmetre Elémentaire R.Salengro J.Bethinger Tout le cété pair et tout le cété impair"
"533","PARMENTIER VILLA PARMENTIER","Périmétre : Périmetre Maternelle Alain Savary Roger Salengr Tout le cété pair et tout le coté impair"
"535","PASSE AUX DAIMS ALLEE DE LA PASSE AUX DAIMS","Périmétre : Périmétre A.Césaire/A.Boulloche Tout le cété pair et tout le cété impair"
"536","PASSE AUX DAIMS ALLEE DE LA PASSE AUX DAIMS","Périmétre : Périmetre Maternelle Terre Saint Blaise Tout le cété pair et tout le cété impair"
"538","PASTEUR AVENUE PASTEUR","Périmétre : Périmetre Maternelle Camille Claudel Cété pair allant des n° 2 a 14 et cdté impair allant des n° 1 a 23"
"539","PASTEUR AVENUE PASTEUR","Périmétre : Périmetre Elementaire Camille Claudel Cété pair allant des n° 2 a 14 et cdté impair allant des n° 1 a 23"
"540","PASTEUR AVENUE PASTEUR","Périmétre : Périmetre Maternelle Léo Lagrange Cété pair allant des n° 16 a 998 et cdté impair allant des n° 25 a 999"
"541","PASTEUR AVENUE PASTEUR","Périmétre : Périmetre Elémentaire Léo Lagrange Cété pair allant des n° 16 a 998 et cdté impair allant des n° 25 a 999"
"543","PAUL RUE MARCEL PAUL","Périmétre : Périmetre Maternelle Pierre Curie Tout le cété pair et tout le cété impair"
"544","PAUL RUE MARCEL PAUL","Périmétre : Périmétre Elémentaire Pierre Curie Tout le cété pair et tout le cété impair"
"547","PENSEES ALLEE DES PENSEES","Périmétre : Périmetre Maternelle Léo Lagrange Tout le cété pair et tout le cété impair"
"549","PEUPLIERS RUE DES PEUPLIERS","Périmétre : Périmétre Elémentaire Pierre Curie Tout le cété pair et tout le cété impair"
"552","PHILOSOPHIE RUE DE LA PHILOSOPHIE","Périmétre : Périmetre Maternelle Pierre Curie Tout le cété pair et tout le cété impair"
"553","PHILOSOPHIE RUE DE LA PHILOSOPHIE","Périmétre : Périmeétre Elementaire Pierre Curie Tout le cété pair et tout le cété impair"
"555","PICROCHOLE RUE PICROCHOLE","Périmétre : Périmétre A.Césaire/A.Boulloche Tout le cété pair et tout le cété impair"
"556","PICROCHOLE RUE PICROCHOLE","Périmétre : Périmetre Maternelle Terre Saint Blaise Tout le cété pair et tout le cdté impair"
"563","PINGUET VILLA PINGUET","Périmétre : Périmetre Maternelle Alain Savary Roger Salengr Tout le cété pair et tout le cété impair"
"564","PINGUET VILLA PINGUET","Périmétre : Périmetre Elémentaire R.Salengro J.Béthinger Tout le cété pair et tout le cété impair"
"566","PLAISANCE RUE DE PLAISANCE","Périmétre : Périmetre Elementaire Jules Ferry Jean Rostand Tout le cété pair et tout le cote impair"
"567","PLAISANCE RUE DE PLAISANCE","-Périmétre : Périmetre Maternelle Henri Sellier Tout le cété pair et tout le cote impair"
"570","PLATANES AVENUE DES PLATANES","Périmétre : Périmetre Maternelle Pierre Curie Tout le cété pair et tout le cété impair"
"571","PLATANES AVENUE DES PLATANES","Périmétre : Périmétre Elémentaire Pierre Curie Tout le cété pair et tout le cété impair"
"575","-POLLISSARD RUE AUGUSTE POLLISSARD .","Périmétre : Périmétre Elémentaire Guillaume Apollinaire Tout le c6té pair et tout le cdté impair }"
"577","PONT RAMPE DU PONT","Périmétre : Périmétre Elémentaire Pierre Curie Tout le cété pair et tout le coté impair"
"580","POQUE ALLEE POQUE","Périmétre : Périmetre Maternelle Henri Sellier Tout le cété pair et tout le cété impair"
"581","POQUE ALLEE POQUE","Périmétre : Périmetre Elémentaire Jules Ferry Jean Rostand Tout le cété pair et tout le cété impair"
"587","POTTIER ALLEE POTTIER","Périmétre : Périmetre Elémentaire Léo Lagrange Tout le cété pair et tout le cdété impair"
"589","POTTIER IMPASSE FERNAND POTIER","Périmétre : Périmetre Guillaume Apollinaire Tout le cété pair et tout le cété impair"
"591","PRESSENSE RUE DE PRESSENSE","Périmétre : Périmetre Elémentaire Léo Lagrange Tout le cété pair et tout.le cété impair"
"592","PRESSENSE RUE DE PRESSENSE","Périmétre : Périmetre Maternelle Léo Lagrange Tout le cété pair et tout le cote impair"
"594","PRIMEVERES ALLEE DES PRIMEVERES","Périmétre : Périmetre Maternelle Camille Claudel Tout le cdté pair et tout le cété impair"
"596","PRIMEVERES ALLEE DES PRIMEVERES","Périmétre : Périmetre Elementaire Camille Claudel Tout le cété pair et tout le cdté impair"
"598","PROFESSEUR VAILLAN RUE DU PROFESSEUR VAILLANT","Périmétre : Périmetre Elementaire Jules Ferry Jean Rostand Tout le cété pair et tout le coté impair"
"599","PROFESSEUR VAILLAN RUE DU PROFESSEUR VAILLANT","Périmétre : Périmetre Maternelle Henri Sellier Tout le cété pair et tout le cété impair"
"601","PROGRES RUE DU PROGRES","Périmétre : Périmetre Elementaire Jules Ferry Jean Rostand Tout le cdté pair et tout le cété impair"
"602","PROGRES RUE DU PROGRES","Périmétre : Périmetre Maternelle Henri Sellier Tout le cété pair et tout le cété impair"
"605","QUATORZE JUILLET AVENUE DU QUATORZE JUILLET","Périmétre : Périmetre Elémentaire Olympe de Gouges Cété pair sans les n° et cdté impair allant des n° 45 a 999"
"606","QUATORZE JUILLET AVENUE DU QUATORZE JUILLET","Périmétre : Périmétre Elémentaire Louis Pasteur Cété pair sans les n° et cdté impair allant des n° 1 a 43"
"609","QUATRE SEPTEMBRE RUE DU QUATRE SEPTEMBRE","Périmétre : Périmetre Maternelle Pasteur Tout le cété pair et tout le cété impair"
"616","RABELAIS RUE RABELAIS","Périmétre : Périmétre A.Césaire/A.Boulloche Tout le cdté pair et tout le cété impair"
"619","RACINE ALLEE RACINE","Périmétre : Périmetre Elémentaire Jules Ferry Jean Rostand Toutle cété pair et tout le coté impair"
"625","RAPHAEL ALLEE RAPHAEL","Périmétre : Périmetre Elémentaire R.Salengro J.Béthinger Tout le cété pair et tout le cété impair"
"626","RAPHAEL ALLEE RAPHAEL","Périmétre : Périmetre Maternelle Alain Savary Roger Salengr Tout le cété pair et tout le céte impair"
"632","REGALE ALLEE DE LA REGALE","Périmétre : Périmetre Maternelle Léo Lagrange Tout le cété pair et tout le cété impair"
"640","RENE CHAR RUE RENE CHAR","Périmétre : Périmetre Maternelle Pierre Curie Tout le cété pair et tout le cété impair"
"641","RENE CHAR RUE RENE CHAR","Périmétre : Périmétre Elémentaire Pierre Curie Tout le cété pair et tout le cété impair"
"650","REPUBLIQUE AVENUE DE LA REPUBLIQUE","Périmétre : Périmetre Maternelle Alain Savary Roger Salengr Tout le cété pair et tout le cété impair"
"652","REPUBLIQUE COURS DE LA REPUBLIQUE","Périmétre : Périmetre Elémentaire R.Salengro J.Béthinger Tout le cété pair et tout le cété impair"
"653","REPUBLIQUE COURS DE LA REPUBLIQUE","Périmétre : Périmetre Maternelle Alain Savary Roger Salengr: Tout le cété pair et tout le coté impair"
"659","RIMBAUD RUE ARTHUR RIMBAUD","Périmétre : Périmetre Guillaume Apollinaire Tout le cdté pair et tout le cété impair"
"669","BENHAMOU AVENUE MAURICE BENHAMOU","Périmétre : Périmetre Elementaire Olympe de Gouges Tout le cdté pair et tout le cote impair"
"674","BERLIOZ ALLEE HECTOR BERLIOZ","Périmétre : Périmetre Elémentaire R.Salengro J.Béthinger Tout le cété pair et tout le coté impair"
"675","BERLIOZ ALLEE HECTOR BERLIOZ","Périmétre : Périmetre Maternelle Alain Savary Roger Salengrc Tout le cété pair et tout le coté impair"
"677","BERTHELOT RUE MARCELIN BERTHELOT","Périmétre : Périmetre Maternelle Léo Lagrange Tout le cdté pair et tout le cété impair"
"678","BERTHELOT RUE MARCELIN BERTHELOT","Périmétre : Périmetre Elémentaire Léo Lagrange Tout le cété pair et tout le cété impair"
"682","BLANQUI RUE LOUIS AUGUSTE BLANQUI","Périmétre : Périmetre Maternelle Camille Claudel Cété pair allant des n° 68 a 98 et cdté impair allant des n° 69 a 77"
"683","BLANQUI RUE LOUIS AUGUSTE BLANQUI","Périmétre : Périmetre Elémentaire Camille Claudel Cété pair allant des n° 68.4 98 et cdté impair allant des n° 69 a 77"
"684","BLANQUI RUE LOUIS AUGUSTE BLANQUI","Périmétre : Périmetre Elémentaire Jules Ferry Jean Rostand Cété pair allant des n° 102 A 999 et cété impair allant des n° 79 a 99¢"
"687","BLERIOT AVENUE BLERIOT","Périmétre : Périmetre Elémentaire R.Salengro J.Béthinger Tout le cété pair et tout le cété impair"
"688","BLERIOT AVENUE BLERIOT","Périmétre : Périmetre Maternelle Alain Savary Roger Salengr Tout le cété pair et tout le cote impair"
"691","BLERIOT SENTE BLERIOT .","Périmétre : Périmetre Maternelle Alain Savary Roger Salengr Tout le cété pair et tout le cété impair"
"694","BLUM AVENUE LEON BLUM","Périmétre : Périmétre Elémentaire Noue Caillet Albert Camus Cdté pair allant des n° 2 a14et cété impair allant des n° 1a 17 ah"
"695","BLUM AVENUE LEON BLUM","Périmétre : Périmetre Maternelle Terre Saint Blaise Cété pair allant des n° 16 a 998 et cété impair allant des n° 19 a 999 } oe"
"696","BLUM AVENUE LEON BLUM","Périmétre : Périmétre A.Césaire/A.Boulloche Cété pair allant des n° 16 a 998 et cété impair allant desn°19a999) ©"
"699","BOILEAU ALLEE BOILEAU","Périmétre : Périmetre Elémentaire Jules Ferry Jean Rostand Tout le cété pair et tout le cété impair"
"701","BON AIR RUE DU BONAIR","Périmétre : Périmetre Maternelle Terre Saint Blaise Tout le cété pair et tout le cété impair"
"702","BON AIR RUE DU BONAIR","Périmétre : Périmétre A.Césaire/A.Boulloche Tout le cété pair et tout le c6té impair"
"705","BONDY RUE DE BONDY","Périmétre : Périmetre Maternelle Pierre Curie Tout le cdté pair et tout le cété impair"
"711","BORDIER RUE BORDIER","Périmétre : Périmetre Maternelle Alain Savary Roger Salengr« Tout le cété pair et tout le cété impair"
"713","BOREL RUE BOREL","Périmétre : Périmétre Elémentaire Louis Pasteur Tout le cété pair et tout le cété impair"
"719","RIMBAUD PLACE ARTHUR RIMBAUD","Périmétre : Périmetre Eleémentaire Guillaume Apollinaire Tout le cété pair et tout le cété impair"
"721","ROGER RUE PAULINE ROGER","Périmétre : Périmétre Elémentaire Pierre Curie Tout le cdté pair et tout le cété impair"
"722","ROGER RUE PAULINE ROGER","Périmétre : Périmetre Maternelle Pierre Curie Tout le cété pair et tout le cdété impair"
"728","ROSES ALLEE DES ROSES","Périmétre : Périmétre Elémentaire Noue Caillet Albert Camus Tout le cote pair et tout le cdété impair"
"730","ROSNY AVENUE DE ROSNY : J S","Périmétre : Périmetre Maternelle Mainguy "" Coté pair allant des n° 1 a 184 et cété impair allant desn°1a185 } /"
"731","ROSNY AVENUE DE ROSNY : J S","Périmétre : Périmétre Eleémentaire Mainguy/Guehenno Cété pair allant des n° 2 a 184 et cdté impair allant des n° 1 a 185 ~"
"732","ROSNY AVENUE DE ROSNY : J S","Périmétre : Périmetre Elémentaire R.Salengro J.Béthinger Cété pair allant des n° 186 a 998 et cdté impair allant des n° 186 a\9¢ cy"
"733","ROSNY AVENUE DE ROSNY : J S","Périmétre : Périmetre Maternelle Alain Savary Roger Salengr Cété pair allant des n° 186 a 999 et cété impair allant des n° 187 a 9¢_/"
"735","ROUGET DE L'ISLE AVENUE ROUGET DE L'ISLE ;","Périmétre : Périmetre Elémentaire R.Salengro J.Béthinger Tout le cété pair et tout le cdété impair"
"736","ROUGET DE L'ISLE AVENUE ROUGET DE L'ISLE ;","Périmétre : Périmetre Maternelle Alain Savary Roger Salengr Tout le cété pair et tout le cété impair"
"738","ROUSSEAU RUE JEAN JACQUES ROUSSEAU","Périmétre : Périmétre Elémentaire Noue Caillet Albert Camus Tout le cété pair et tout le céte impair"
"739","ROUSSEAU RUE JEAN JACQUES ROUSSEAU","Périmétre : Périmetre Maternelle Jean Zay Tout le cété pair et tout le cété impair"
"741","RULHIERE ALLEE RULHIERE ;","Périmétre : Périmétre Elémentaire Mainguy/Guehenno Tout le cété pair et tout le cété impair"
"744","SAINT LOUIS RUE SAINT LOUIS","Périmétre : Périmétre Elémentaire Pierre Curie Tout le cété pair et tout le cété impair"
"751","SAINTE BARBE RUE SAINTE BARBE","Périmétre : Périmétre Elémentaire Mainguy/Guehenno Tout le cété pair et tout le cété impair"
"754","SAINTE BARBE RUELLE SAINTE BARBE","Périmétre : Périmetre Maternelle Mainguy Tout le cété pair et tout le cété impair"
"756","SALENGRO RUE ROGER SALENGRO","Périmétre : Périmetre Maternelle Alain Savary Roger Salengr Cété pair allant des n° 2 a 998 et cété impair allant des n° 31 a 999"
"761","SAN MARTIN ALLEE SAN MARTIN","Périmétre : Périmetre Maternelle Terre Saint Blaise Tout le cété pair et tout le cété impair"
"762","SAN MARTIN ALLEE SAN MARTIN","Périmétre : Périmetre A.Césaire/A.Boulloche Tout le cété pair et tout le cété impair"
"771","SAND ALLEE GEORGES SAND","Périmétre : Périmetre Elémentaire Léo Lagrange Tout le cété pair et tout le cdté impair"
"774","SARTRE RUE JEAN PAUL SARTRE","Périmétre : Périmétre Elémentaire Guillaume Apollinaire Tout le cété pair et tout le cété impair"
"775","SARTRE RUE JEAN PAUL SARTRE","Périmétre : Périmetre Guillaume Apollinaire Tout le cété pair et tout le cété impair"
"779","Périmétre : Périmétre Elémentaire Jules Ferry 2 (rue F.COLLE Tout le cété pair et tout le cété impair","Périmétre : Périmétre Elémentaire Jules Ferry 2 (rue F.COLLE Tout le cété pair et tout le cété impair"
"780","Périmétre : Périmétre Elémentaire Jules Ferry 2 (rue F.COLLE Tout le cété pair et tout le cété impair","Périmétre : Périmetre Elémentaire Jules Ferry Jean Rostand Tout le cété pair et tout le cote impair"
"782","SEAILLES VILLA GABRIEL SEAILLES","Périmétre : Périmétre Elementaire Mainguy/Guehenno Tout le cété pair et tout le coté impair"
"783","SEAILLES VILLA GABRIEL SEAILLES","Périmétre : Périmetre Maternelle Mainguy Tout le cété pair et tout le cété impair"
"785","SEMBAT ALLEE MARCEL SEMBAT","Périmétre : Périmetre Elémentaire Léo Lagrange Tout le cété pair et tout le cété impair"
"786","SEMBAT ALLEE MARCEL SEMBAT","Périmétre : Périmetre Maternelle Leo Lagrange Tout le cété pair et tout le cdté impair"
"789","SERGENT BOBILLOT RUE DU SERGENT BOBILLOT","Périmétre : Périmetre Elementaire R.Salengro J.Béthinger Tout le cété pair et tout le cété impair"
"790","SERGENT BOBILLOT RUE DU SERGENT BOBILLOT","Périmétre : Périmetre Maternelle Alain Savary Roger Salengr Tout le cété pair et tout le cété impair"
"792","SIMON BOLIVAR ALLEE SIMON BOLIVAR","Périmétre : Périmétre A.Césaire/A.Boulloche Tout le cété pair et tout le cété impair"
"793","SIMON BOLIVAR ALLEE SIMON BOLIVAR","Périmétre : Périmetre Maternelle Terre Saint Blaise Tout le cété pair et tout le coté impair"
"795","SOLIDARITE RUE DE LA SOLIDARITE","Périmétre : Périmetre Elementaire Camille Claudel Cété pair allant des n° 2 a 40 et cdté impair allant des n° 1 a 33"
"796","SOLIDARITE RUE DE LA SOLIDARITE","Périmétre : Périmetre Maternelle Camille Claudel Cété pair allant des n° 2 4 40 et cdté impair allant des n° 1 a 33"
"797","SOLIDARITE RUE DE LA SOLIDARITE","Périmétre : Périmetre Maternelle Alain Savary Roger Salengr: Coté pair allant des n° 42 4 998 et cdté impair allant des n° 35 a 998"
"798","SOLIDARITE RUE DE LA SOLIDARITE","Périmétre : Périmetre Elémentaire R.Salengro J.Béthinger Cété pair allant des n° 42 a 998 et cdté impair allant des n° 35 a 998"
"801","SOLIDARITE IMPASSE DE LA SOLIDARITE","Périmétre : Périmetre Maternelle Jules Ferry Tout le cdté pair et tout le cété impair"
"804","SORBIERS ALLEE DES SORBIERS","Périmétre : Périmeétre A.Césaire/A.Boulloche Tout le cété pair et tout le cété impair"
"805","SORBIERS ALLEE DES SORBIERS","Périmétre : Périmetre Maternelle Terre Saint Blaise Tout le cété pair et tout le cdté impair"
"807","STAINS ROUTE DE STAINS","Périmétre : Périmétre Elementaire Noue Caillet Albert Camus Tout le cdté pair et tout le cété impair"
"808","STAINS ROUTE DE STAINS","Périmétre : Périmetre Maternelle Jean Zay Tout le cété pair et tout le cété impair"
"811","SURCOUF ALLEE DE SURCOUF","Périmétre : Périmetre Elémentaire Pierre Curie Tout le cété pair et tout le cété impair"
"813","SUZANNE BUISSON AVENUE SUZANNE BUISSON aN","Périmétre : Périmétre Elémentaire Noue Caillet Albert Camus Cdté pair allant des n° 2 a 42 et cdté impair sans les n°"
"814","SUZANNE BUISSON AVENUE SUZANNE BUISSON aN","Périmétre : Périmetre Maternelle Jean Zay Cété pair allant des n° 2 a 12 et cdtéimpair sans les n°"
"815","SUZANNE BUISSON AVENUE SUZANNE BUISSON aN","Périmétre : Périmetre Maternelle Terre Saint Blaise Cété pair allant des n°,14 a 998 ef tout le cété impair"
"816","SUZANNE BUISSON AVENUE SUZANNE BUISSON aN","Périmétre : Périmetre A.Césaire/A.Boulloche Cété pair allant des n° 14 a 998 et tout le cété impair"
"818","SYCOMORES ALLEE DES SYCOMORES","Périmétre : Périmetre Maternelle Terre Saint Blaise Tout le cété pair et tout le cété impair"
"826","SYLPHES ALLEE DES SYLPHES","Périmétre : Périmetre Elémentaire Jules Ferry Jean Rostand Tout le cété pair et tout le cété impair /"
"830","TABARLY | RUE ERIC TABARLY","Périmétre : Périmetre Elémentaire Olympe de Gouges Tout le cété pair et tout le cdté impair"
"834","TANGUY RUE ROL-TANGUY","Périmétre : Périmétre Elémentaire Noue Caillet Albert Camus Tout le cété pair et tout le cété impair"
"837","TERRE SAINT BLAISE RUE DE LATERRE SAINT BLAISE","Périmétre : Périmetre Maternelle Terre Saint Blaise Tout le cdté pair et tout le cdté impair"
"839","THERESE ALLEE THERESE","Périmétre : Périmetre Maternelle Léo Lagrange Tout le cété pair et tout le coté impair"
"842","THOREL VILLA THOREL F","Périmétre : Périmétre Elémentaire Guillaume Apollinaire Tout le cété pair et tout le cdté impair"
"843","THOREL VILLA THOREL F","Périmétre : Périmetre Guillaume Apollinaire Tout le cété pair et tout le cété impair"
"845","TILLEULS ALLEE DES TILLEULS","Périmétre : Périmétre Elémentaire Pierre Curie Tout le cété pair et tout le cété impair"
"846","TILLEULS ALLEE DES TILLEULS","Périmétre : Périmetre Maternelle Pierre Curie Tout le cété pair et tout le cété impair"
"848","TILLION RUE GERMAINE TILLION","Périmétre : Périmétre Elementaire Noue Caillet Albert Camus Tout le cdté pair et tout le coté impair"
"849","TILLION RUE GERMAINE TILLION","Périmétre : Périmetre Maternelle Jean Zay Tout le cété pair et tout le cété impair"
"852","TREMEUGE RUE DE TREMEUGE","Périmétre : Périmetre Elémentaire Jules Ferry Jean Rostand Tout le cdté pair et tout le cété impair"
"854","TRINQUAMELLE | RUE TRINQUAMELLE","Périmétre : Périmetre Maternelle Terre Saint Blaise Tout le cété pair et tout le cété impair"
"855","TRINQUAMELLE | RUE TRINQUAMELLE","Périmétre : Périmétre A.Césaire/A.Boulloche Tout le cété pair et tout le cété impair"
"857","TULIPES ALLEE DES TULIPES","Périmétre : Périmétre Elémentaire Noue Caillet Albert Camus Tout le cété pair et tout le cété impair"
"863","VAILLANT COUTURIER RUE PAUL VAILLANT COUTURIER","Périmétre : Périmetre Maternelle Mainguy Tout le cété pair et tout le cété impair"
"864","VAILLANT COUTURIER RUE PAUL VAILLANT COUTURIER","Périmétre : Périmetre Elementaire Mainguy/Guehenno Tout le cété pair et tout le cété impair"
"866","VARAGNAT AVENUE HENRI VARAGNAT at","Périmétre : Périmétre Elémentaire Noue Caillet Albert Camus Cété pair allant des n° 2 a 26 et cdté impair allantdesn°1a39 « } \"
"867","VARAGNAT AVENUE HENRI VARAGNAT at","Périmétre : Périmetre Maternelle Jean Zay Cété pair allant des n° 2 a 26 et coté impair allant des n° 1 a 39 Fi"
"868","VARAGNAT AVENUE HENRI VARAGNAT at","Périmétre : Périmetre Maternelle Terre Saint Blaise Cété pair allant des n°(28 a 998 et cdté impair allant des n/t a 999 | \"
"869","VARAGNAT AVENUE HENRI VARAGNAT at","Périmétre : Périmetre A.Césaire/A.Boulloche Cété pair allant des n° 28 A 998 et cété impair allant des n° 41 a999 \—'"
"871","VARSOVIE RUE DE VARSOVIE )","Périmétre : Périmetre Elémentaire Pierre Curie Tout le cété pair et tout le cété impair"
"872","VARSOVIE RUE DE VARSOVIE )","Périmétre : Périmetre Maternelle Pierre Curie Tout le cété pair et tout le cété impair"
"879","VERCORS PASSAGE DU VERCORS","Périmétre : Périmétre A.Césaire/A.Boulloche Tout le cété pair et tout le cété impair"
"881","VERDUN AVENUE DE VERDUN \/","Périmétre : Périmetre Elémentaire Léo Lagrange Tout le cété pair et tout le cété impair ."
"884","VERGER RUE DU VERGER .","Périmétre : Périmetre Maternelle Terre Saint Blaise Tout le cété pair et tout le cété impair j"
"885","VERGER RUE DU VERGER .","Périmétre : Périmétre A.Césaire/A.Boulloche Tout le cété pair et tout le cété impair Wd"
"887","VERSAILLES RUE DE VERSAILLES","Périmétre : Périmetre A.Césaire/A.Boulloche Tout le cété pair et tout le cété impair"
"891","VICTOR SCHOELCHER PLACE VICTOR SCHOELCHER","Périmétre : Périmétre A.Césaire/A.Boulloche Tout le cété pair et tout le cété impair"
"893","VIEUX CHATEAU RUE DU VIEUX CHATEAU","Périmétre : Périmetre Maternelle Alain Savary Roger Salengr Tout le cété pair et tout le cété impair"
"894","VIEUX CHATEAU RUE DU VIEUX CHATEAU","Périmétre : Périmetre Elémentaire R.Salengro J.Béthinger Tout le cété pair et tout le cété impair"
"897","VIEUX MOULIN RUE DU VIEUX MOULIN","Périmétre : Périmetre Maternelle Alain Savary Roger Salengr Tout le cote pair et tout le coté impair"
"900","VIGNES ALLEE DES VIGNES f","Périmétre : Périmetre Maternelle Terre Saint Blaise Tout le cété pair et tout le c6té impair V"
"903","VILLAGEOISE AVENUE DE LA VILLAGEOISE '","Périmétre : Périmétre Elémentaire Noue Caillet Albert Camus Cété pair allant des n° 2 a 20 et cdté impair sans les n° \ /"
"908","VILLEGIATURE AVENUE DE LA VILLEGIATURE","Périmétre : Périmeétre Elémentaire Louis Pasteur Tout le cdté pair et tout le cété impair"
"910","VILLEMOMBLE ROUTE DE VILLEMOMBLE","Périmétre : Périmetre Maternelle Pierre Curie Tout le cété pair et tout le cété impair"
"913","VILLON RUE FRANCOIS VILLON","Périmétre : Périmetre Maternelle Olympe de Gouges Tout le cdté pair et tout le cété impair"
"914","VILLON RUE FRANCOIS VILLON","Périmétre : Périmetre Elémentaire Olympe de Gouges Tout le cdté pair et tout le coté impair"
"917","VIOLETTES IMPASSE DES VIOLETTES","Périmétre : Périmetre Maternelle Léo Lagrange Tout le cdté pair et tout le cété impair"
"919","VOLTAIRE ALLEE VOLTAIRE","Périmétre : Périmetre Maternelle Camille Claudel Tout le cété pair et tout le cdété impair"
"920","VOLTAIRE ALLEE VOLTAIRE","Périmétre : Périmetre Elémentaire Camille Claudel Tout le cdté pair et tout le cété impair"
"923","WATTEAU ALLEE ANTOINE WATTEAU","Périmétre : Périmetre Elémentaire R.Salengro J.Béthinger Tout le cété pair et tout le cote impair"
"930","WEISS ALLEE LOUISE WEISS","Périmétre : Périmetre Elémentaire Jules Ferry Jean Rostand Tout le cété pair et tout le cote impair"
"931","WEISS ALLEE LOUISE WEISS","Périmétre : Périmetre Maternelle Jules Ferry Tout le cdté pair et tout le cdté impair"
"933","WIENER IMPASSE JEAN WIENER","Périmétre : Périmetre Maternelle Pierre Curie Tout le cété pair et tout le cdté impair"
"934","WIENER IMPASSE JEAN WIENER","Périmétre : Périmétre Elémentaire Pierre Curie Tout le cété pair et tout le cdté impair ."
"936","YVONNE RUE YVONNE","Périmétre : Périmetre Maternelle Mainguy Tout le cété pair et tout le cété impair vw"
"937","YVONNE RUE YVONNE","Périmétre : Périmétre Elémentaire Mainguy/Guehenno Tout le cété pair et tout le cdté impair"
"939","ZOLA RUE EMILE ZOLA","Périmétre : Périmetre Maternelle Pasteur Tout le cété pair et tout le cété impair"
"940","ZOLA RUE EMILE ZOLA","Périmétre : Périmétre Elémentaire Louis Pasteur Tout le cété pair et tout le cdté impair"
"947","BOREL RUE BOREL","Périmétre : Périmetre Maternelle Pasteur Tout le cété pair et tout le cété impair"
"955","BOUCHER RUE HELENE BOUCHER","Périmétre : Périmetre Maternelle Léo Lagrange Tout le cété pair et tout le cété impair"
"956","BOUCHER RUE HELENE BOUCHER","Périmétre : Périmetre Elémentaire Léo Lagrange Tout le coté pair et tout le cété impair"
"961","BOURDIEU SENTE PIERRE BOURDIEU","Périmétre : Périmetre Maternelle Jules Ferry Tout le cété pair et tout le cété impair"
"964","BRASSENS IMPASSE GEORGES BRASSENS","Périmétre : Périmétre Elémentaire Pierre Curie Tout le cété pair et tout le cété impair"
"965","BRASSENS IMPASSE GEORGES BRASSENS","Périmétre : Périmetre Maternelle Pierre Curie Tout le cété pair et tout le cété impair"
"967","BRECHET VILLA DU BRECHET","Périmétre : Périmetre Elémentaire R.Salengro J.Béthinger Tout le cété pair et tout le cété impair"
"968","BRECHET VILLA DU BRECHET","Périmétre : Périmetre Maternelle Alain Savary Roger Salengr: Tout le cété pair et tout le cété impair"
"970","BREL IMPASSE JACQUES BREL","Périmétre : Périmetre Maternelle Pierre Curie Tout le cété pair et tout le cété impair"
"971","BREL IMPASSE JACQUES BREL","Périmétre : Périmétre Elémentaire Pierre Curie Tout le cété pair et tout le cété impair"
"973","BREUIL RUE DU BREUIL","Périmétre : Périmetre Maternelle Mainguy Tout le cété pair et tout le cété impair"
"976","BREUIL VILLA DU BREUIL","Périmétre : Périmétre Elémentaire Mainguy/Guehenno Tout le cété pair et tout le cété impair"
"977","BREUIL VILLA DU BREUIL","Périmétre : Périmetre Maternelle Mainguy Tout le cété pair et tout le cété impair"
"979","BROSSOLETTE RUE PIERRE BROSSOLETTE","Périmétre : Périmetre Elémentaire Camille Claudel Tout le cété pair et tout le cdété impair"
"982","BUTTE RUE DE LA BUTTE","Périmétre : Périmetre Maternelle Pierre Curie Tout le cété pair et tout le cété impair"
"985","CADERAS AVENUE CADERAS","Périmétre : Périmetre Maternelle Alain Savary Roger Salengr« Tout le cété pair et tout le cété impair"
"986","CADERAS AVENUE CADERAS","Périmétre : Périmetre Elémentaire R.Salengro J.Béthinger Tout le cété pair et tout le cété impair —"
"988","CARAQUE RUE CARAQUE {a \","Périmétre : Périmétre A.Césaire/A.Boulloche Tout le cété pair et tout le cdté impair \/ \ 4"
"989","CARAQUE RUE CARAQUE {a \","Périmétre : Périmetre Maternelle Terre Saint Blaise Tout le cété pair et tout le cété impair ye - YS"
"999","CARNOT AVENUE CARNOT","Périmétre : Périmétre Elémentaire Guillaume Apollinaire Cété pair allant des n° 2 4 54 et cdté impair allant des n° 1 a 57"
"1000","CARNOT AVENUE CARNOT","Périmétre : Périmetre Guillaume Apollinaire Cété pair allant des n° 2 a 54 et cdté impair allant des n° 1 a 57"
"1001","CARNOT AVENUE CARNOT","Périmétre : Périmetre Elémentaire R.Salengro J.Bethinger Cété pair allant des n° 56 a 9998 et cdté impair allant des n° 59 a 99"
"1002","CARNOT AVENUE CARNOT","Périmétre : Périmetre Maternelle Alain Savary Roger Salengr Cété pair allant des n° 56 a 998 et cété impair allant des n° 59 a 998"
"1004","CARNOT | IMPASSE CARNOT","Périmétre : Périmetre Maternelle Alain Savary Roger Salengr: Tout le cdté pair et tout le cété impair"
"1005","CARNOT | IMPASSE CARNOT","Périmétre : Périmetre Elémentaire R.Salengro J.Béthinger Tout le cdté pair et tout le cété impair"
"1007","CARNOT VILLA CARNOT","Périmétre : Périmetre Elémentaire R.Salengro J.Béthinger Tout le cété pair et tout le cété impair"
"1008","CARNOT VILLA CARNOT","Périmétre : Périmetre Maternelle Alain Savary Roger Salengrc Tout le cété pair et tout le coté impair"
"1010","CARROUGES CHEMIN DES CARROUGES","Périmétre : Périmetre Maternelle Pierre Curie Tout le cété pair et tout le cdté impair"
"1011","CARROUGES CHEMIN DES CARROUGES","Périmétre : Périmétre Elémentaire Pierre Curie Tout le cété pair et tout le cété impair"
"1013","CASTEL IMPASSE DU CASTEL","Périmétre : Périmétre Elémentaire Pierre Curie Tout le cété pair et tout le cdété impair"
"1014","CASTEL IMPASSE DU CASTEL","Périmétre : Périmetre Maternelle Pierre Curie Tout le cété pair et tout le cété impair"
"1019","CHALET RUE DU CHALET","Périmétre : Périmetre Elémentaire Léo Lagrange Tout le cété pair et tout le cété impair"
"1022","CHAMPART RUE DU CHAMPART","Périmétre : Périmetre Maternelle Alain Savary Roger Salengr Tout le cété pair et tout le cété impair"
"1023","CHAMPART RUE DU CHAMPART","Périmétre : Périmetre Elementaire R.Salengro J.Béthinger Tout le cété pair et tout le cété impair"
"1026","CHAPELAIN RUE LUCIEN CHAPELAIN","Périmétre : Périmetre Maternelle Olympe de Gouges_ - Tout le cété pair et tout le cété impair \/"
"1028","CHARLES MAGNE ALLEE CHARLES MAGNE","Périmétre : Périmetre Elémentaire Jules Ferry Jean Rostand Tout le cété pair et tout le cété impair"
"1029","CHARLES MAGNE ALLEE CHARLES MAGNE","Périmétre : Périmetre Maternelle Henri Sellier Tout le cété pair et tout le cété impair"
"1031","CHEMIN DE FER RUE DU CHEMIN DE FER","Périmétre : Périmétre Elémentaire Pierre Curie Tout le cété pair et tout le cété impair"
"1032","CHEMIN DE FER RUE DU CHEMIN DE FER","Périmétre : Périmetre Maternelle Pierre Curie Tout le cété pair et tout le cété impair"
"1034","CHEMIN DE FER PROL' RUE DU CHEMIN DE FER PROLONGEE","Périmétre : Périmétre Elémentaire Pierre Curie Tout le cété pair et tout le cété impair"
"1035","CHEMIN DE FER PROL' RUE DU CHEMIN DE FER PROLONGEE","Périmétre : Périmetre Maternelle Pierre Curie Tout le cété pair et tout le cété impair"
"1037","CHENES ALLEE DES CHENES","Périmétre : Périmetre Elémentaire Jules Ferry Jean Rostand Tout le cédté pair et tout le coté impair"
"1038","CHENES ALLEE DES CHENES","Périmétre : Périmetre Maternelle Henri Sellier Tout le cété pair et tout le coté impair"
"1044","CLOS RUE DU CLOS VAILLANT","Périmétre : Périmetre Maternelle Alain Savary Roger Salengr« Tout le cété pair et tout le cété impair"
"1051","COLLARDEAU RUE PHILEAS COLLARDEAU","Périmétre : Périmétre Elémentaire Mainguy/Guehenno Tout le cété pair et tout le cété impair"
"1052","COLLARDEAU RUE PHILEAS COLLARDEAU","Périmétre : Périmetre Maternelle Mainguy Tout le cété pair et tout le cété impair"
"1055","COLLET RUE FRANCOIS COLLET","Périmétre : Périmetre Maternelle Jules Ferry Tout le cété pair et tout le cété impair"
"1056","COLLET RUE FRANCOIS COLLET","Périmétre : Périmetre Elémentaire Jules Ferry Jean Rostand Tout le cété pair et tout le cété impair"
"1059","COLLIGNON RUE LOUIS LEON COLLIGNON","Périmétre : Périmetre Maternelle Camille Claudel Tout le cété pair et tout le cété impair"
"1060","COLLIGNON RUE LOUIS LEON COLLIGNON","Périmétre : Périmetre Elémentaire Camille Claudel Tout le cété pair et tout le cété impair"
"1063","COMMUNES ALLEE DES DEUX COMMUNES","Périmétre : Périmétre Elémentaire Pierre Curie Tout le cété pair et tout le cété impair"
"1064","COMMUNES ALLEE DES DEUX COMMUNES","Périmétre : Périmetre Maternelle Pierre Curie Tout le cété pair et tout le cété impair"
"1067","COMPAGNON RUE COMPAGNON","Périmétre : Périmetre Maternelle Léo Lagrange Tout le cété pair et tout le cété impair"
"1068","COMPAGNON RUE COMPAGNON","Périmétre : Périmetre Elémentaire Léo Lagrange Tout le cété pair et tout le cété impair"
"1071","CONCORDE ALLEE DE LA CONCORDE","Périmétre : Périmetre Maternelle Jules Ferry Tout le cété pair et tout le cété impair"
"1075","Périmétre : Périmétre Elémentaire Jules Ferry 2 (rue F.COLLE Tout le cété pair et tout le cété impair","Périmétre : Périmétre Elémentaire Jules Ferry 2 (rue F.COLLE Tout le cété pair et tout le cété impair"
"1076","Périmétre : Périmétre Elémentaire Jules Ferry 2 (rue F.COLLE Tout le cété pair et tout le cété impair","Périmétre : Périmetre Elémentaire Jules Ferry Jean Rostand Tout le cété pair et tout le cété impair"
"1077","Périmétre : Périmétre Elémentaire Jules Ferry 2 (rue F.COLLE Tout le cété pair et tout le cété impair","Périmétre : Périmetre Maternelle Jules Ferry Tout le cété pair et tout le cété impair"
"1080","COQ GAULOIS RUE DU COQ GAULOIS","Périmétre : Périmetre Elémentaire Léo Lagrange Tout le cété pair et tout le cdté impair"
"1081","COQ GAULOIS RUE DU COQ GAULOIS","Périmétre : Périmetre Maternelle Léo Lagrange Tout le cété pair et tout le cdété impair"
"1084","CORNEILLE ALLEE CORNEILLE","Périmétre : Périmetre Elémentaire Jules Ferry Jean Rostand Tout le cété pair et tout le cdté impair"
"1085","CORNEILLE ALLEE CORNEILLE","Périmétre : Périmetre Maternelle Henri Sellier Tout le cété pair et tout le cété impair"
"1088","COURTADE ALLEE JEAN COURTADE","Périmétre : Périmetre Elémentaire R.Salengro J.Béthinger Tout le cété pair et tout le cété impair"
"1089","COURTADE ALLEE JEAN COURTADE","Périmétre : Périmetre Maternelle Alain Savary Roger Salengr: Tout le cété pair et tout le caté impair"
"1092","COURTS SILLONS ALLEE DES COURTS SILLONS","Périmétre : Périmetre Elémentaire Jules Ferry Jean Rostand Tout le cété pair et tout le caté impair"
"1096","CRONSTADT RUE DE CRONSTADT","Périmétre : Périmétre Elémentaire Mainguy/Guehenno Tout le cété pair et tout le cété impair"
"1097","CRONSTADT RUE DE CRONSTADT","Périmétre : Périmetre Maternelle Mainguy Tout le cété pair et tout le cdté impair"
"1100","CURIE AVENUE MARIE CURIE","Périmétre : Périmetre Maternelle Jules Ferry Tout le cété pair et tout le cété impair"
"1101","CURIE AVENUE MARIE CURIE","Périmétre : Périmetre Elémentaire Jules Ferry Jean Rostand Tout le cété pair et tout le cété impair"
"1102","Périmétre : Périmétre Elémentaire Jules Ferry 2 (rue F.COLLE Tout le caté pair et tout le cdété impair |","Périmétre : Périmétre Elémentaire Jules Ferry 2 (rue F.COLLE Tout le caté pair et tout le cdété impair |"
"1105","CYCLE RUE DU CYCLE","Périmétre : Périmetre Elémentaire Léo Lagrange Tout le cété pair et tout le cété impair"
"1109","DAHLIAS ALLEE DES DAHLIAS .","Périmétre : Périmétre Elémentaire Noue Caillet Albert Camus Tout le cété pair et tout le cété impair V"
"1110","DAHLIAS ALLEE DES DAHLIAS .","Périmétre : Périmetre Maternelle Jean Zay Tout le cété pair et tout le cété impair"
"1117","DARTY RUE DES FRERES DARTY","Périmétre : Périmetre Guillaume Apollinaire Tout le c6té pair et tout le cété impair"
"1118","DARTY RUE DES FRERES DARTY","Périmétre : Périmétre Elémentaire Guillaume Apollinaire Tout le cété pair et tout le cété impair"
"1120","DASSAULT RUE MARCEL DASSAULT","Périmétre : Périmétre Elémentaire Pierre Curie Tout le cété pair et tout le cété impair"
"1124","DAUBIE RUE JULIE-VICTOIRE DAUBIE","Périmétre : Périmetre Elementaire Léo Lagrange Tout le cété pair et tout le cété impair"
"1126","Périmétre : Périmétre Elémentaire Jules Ferry 2 (rue F.COLLE Tout le cété pair et tout le cote impair","Périmétre : Périmétre Elémentaire Jules Ferry 2 (rue F.COLLE Tout le cété pair et tout le cote impair"
"1127","Périmétre : Périmétre Elémentaire Jules Ferry 2 (rue F.COLLE Tout le cété pair et tout le cote impair","Périmétre : Périmetre Maternelle Jules Ferry Tout le cété pair et tout le cété impair"
"1128","Périmétre : Périmétre Elémentaire Jules Ferry 2 (rue F.COLLE Tout le cété pair et tout le cote impair","Périmétre : Périmetre Elémentaire Jules Ferry Jean Rostand Tout le cété pair et tout le cété impair"
"1130","DE LATTRE DE TASSIG AVENUE DE LATTRE DE TASSIGNY","Périmétre : Périmetre Maternelle Léo Lagrange Cété pair allant des n° 2 48 et coté impair allantdesn°1a1 | i"
"1131","DE LATTRE DE TASSIG AVENUE DE LATTRE DE TASSIGNY","Périmétre : Périmetre Elémentaire Léo Lagrange Cété pair allant des n° 2 a 8 et cdté impair allant des n° 1 a 1 |"
"1132","DE LATTRE DE TASSIG AVENUE DE LATTRE DE TASSIGNY","Périmétre : Périmetre Maternelle Camille Claudel Cété pair allant des n° 10 a 68 et cdté impair allant des n° 9 a 51"
"1135","DE LATTRE DE TASSIG AVENUE DE LATTRE DE TASSIGNY","Périmétre : Périmetre Guillaume Apollinaire _ ___Cété pair allant des n° 70 a 72 et cdté impair sans les n° rd,"
"1138","DEBUSSY ALL (7,","Périmétre : Périmetre Maternelle Alain Savary Roger Salengr Tout le cété pair et tout le cété impair"
"1139","DEBUSSY ALL (7,","Périmétre : Périmetre Elémentaire R.Salengro J.Béthinger Tout le cété pair et tout le cété impair"
"1142","DEFFERRE RUE GASTON DEFFERRE","Périmétre : Périmetre Elémentaire Camille Claudel Tout le cété pair et tout le cété impair"
"1144","DELACROIX ALLEE EUGENE DELACROIX","Périmétre : Périmetre Elémentaire R.Salengro J.Béthinger Tout le cété pair et tout le cété impair"
"1145","DELACROIX ALLEE EUGENE DELACROIX","Périmétre : Périmetre Maternelle Alain Savary Roger Salengr Tout le cété pair et tout le cété impair"
"1147","DELAINE RUE CESAR DELAINE","Périmétre : Périmetre Maternelle Léo Lagrange Tout le cété pair et tout le cété impair"
"1148","DELAINE RUE CESAR DELAINE","Périmétre : Périmetre Elémentaire Léo Lagrange Tout le cété pair et tout le cété impair"
"1150","DENISE AVENUE DENISE","Périmétre : Périmetre Maternelle Alain Savary Roger Salengr Tout le cété pair et tout le cdté impair"
"1151","DENISE AVENUE DENISE","Périmétre : Périmetre Elémentaire R.Salengro J.Béthinger Tout le cété pair et tout le cété impair"
"1153","DENYS-COCHIN RUE DENYS-COCHIN","Périmétre : Périmetre Maternelle Henri Sellier Tout le cété pair et tout le cété impair"
"1154","DENYS-COCHIN RUE DENYS-COCHIN","Périmétre : Périmetre Elémentaire Jules Ferry Jean Rostand Tout le cété pair et tout le cété impair"
"1156","DERAIMES ALLEE MARIA DERAIMES","Périmétre : Périmetre Elémentaire Jules Ferry Jean Rostand Tout le cété pair et tout le coté impair"
"1159","DEVINIERE ALLEE DE LA DEVINIERE ,","Périmétre : Périmetre Maternelle Terre Saint Blaise Tout le cété pair et tout le cété impair ‘ /"
"1162","DJIBAOU AVENUE JEAN MARIE DJIBAOU )","Périmétre : Périmetre Elémentaire Olympe de Gouges Tout le c6té pair et tout le cété impair"
"1169","DJIBAOU AVENUE JEAN MARIE DJIBAOU v?)","Périmétre : Périmetre Maternelle Olympe de Gouges Tout le cété pair et tout le cote impair ,"
"1172","DOLET RUE ETIENNE DOLET","Périmétre : Périmetre Maternelle Pierre Curie Tout le cété pair et tout le cété impair"
"1173","DOLET RUE ETIENNE DOLET","Périmétre : Périmétre Elamentaire Pierre Curie Tout le cété pair et tout le cété impair"
"1175","DORMOY AVENUE MARX DORMOY -","Périmétre : Périmétre Elementaire Louis Pasteur Tout le cété pair et cdté impair sans les n° : |"
"1178","DORMOY AVENUE MARX DORMOY -","Périmétre : Périmetre Maternelle Pasteur Tout le cété pair et cdté impair sans les n°"
"1180","DOUILLOT RUE HENRI DOUILLOT","Périmétre : Périmetre Maternelle Léo Lagrange Tout le cété pair et tout le cété impair"
"1181","DOUILLOT RUE HENRI DOUILLOT","Périmétre : Périmetre Elémentaire Léo Lagrange Tout le cété pair et tout le cété impair"
"1184","DOUVILLEZ RUE ROBERT DOUVILLEZ","Périmétre : Périmetre Maternelle Léo Lagrange Tout le cdté pair et tout le céte impair"
"1187","DROITS DE L'HOMME RUE DES DROITS DE L'HOMME","Périmétre : Périmetre Maternelle Mainguy Tout le cété pair et tout le cété impair \J"
"1188","DROITS DE L'HOMME RUE DES DROITS DE L'HOMME","Périmétre : Périmétre Elementaire Mainguy/Guehenno Tout le cété pair et tout le cété impair"
"1190","DU BELLAY ALLEE JOACHIM DU BELLAY —","Périmétre : Périmetre Maternelle Henri Sellier Tout le cété pair et tout le cété impair"
"1191","DU BELLAY ALLEE JOACHIM DU BELLAY —","Périmétre : Périmetre Elémentaire Jules Ferry Jean Rostand Tout le cété pair et tout le coté impair"
"1193","DUMESNIL AVENUE DUMESNIL","Périmétre : Périmetre Maternelle Henri Sellier Tout le cété pair et tout le cété impair"
"1194","DUMESNIL AVENUE DUMESNIL","Périmétre : Périmetre Elémentaire Jules Ferry Jean Rostand Toutle cété pair et tout le coté impair"
"1195","Périmétre : Périmétre Elémentaire Jules Ferry 2 (rue F.COLLE Tout le cété pair et tout le cote impair","Périmétre : Périmétre Elémentaire Jules Ferry 2 (rue F.COLLE Tout le cété pair et tout le cote impair"
"1198","DUMONT RUE RENE DUMONT","Périmétre : Périmetre Elémentaire Jules Ferry Jean Rostand Tout le cété pair et tout le coté impair"
"1200","DUNANT RUE HENRI DUNANT C","Périmétre : Périmetre Elémentaire Jules Ferry Jean Rostand Tout le cété pair et tout le coté impair \/"
"1201","DUNANT RUE HENRI DUNANT C","Périmétre : Périmetre Maternelle Henri Sellier Tout le cdté pair et tout le cété impair"
"1204","DURAS RUE MARGUERITE DURAS","Périmétre : Périmetre Elementaire Jules Ferry Jean Rostand Tout le cété pair et tout le cété impair"
"1205","Périmétre : Périmétre Elémentaire Jules Ferry 2 (rue F.COLLE Tout le cété pair et tout le cote impair","Périmétre : Périmétre Elémentaire Jules Ferry 2 (rue F.COLLE Tout le cété pair et tout le cote impair"
"1208","ECOLES RUE DES ECOLES","Périmétre : Périmétre Elémentaire Louis Pasteur Tout le cété pair et tout le coté impair"
"1210","EDOUARD VAILLANT RUE EDOUARD VAILLANT ie :","Périmétre : Périmetre Maternelle Alain Savary Roger Salengr: Cété pair allant des n° 2 a 70 et cote impair allant des n° 1.81"
"1212","Périmétre : Périmétre Elémentaire Jules Ferry 2 (rue F.COLLE Cété pair allant des n° 72 a 998 et cote impair allant des n° 83 a 999","Périmétre : Périmétre Elémentaire Jules Ferry 2 (rue F.COLLE Cété pair allant des n° 72 a 998 et cote impair allant des n° 83 a 999"
"1213","Périmétre : Périmétre Elémentaire Jules Ferry 2 (rue F.COLLE Cété pair allant des n° 72 a 998 et cote impair allant des n° 83 a 999","Périmétre : Périmetre Maternelle Jules Ferry Cété pair allant des n° 72 a 174 et cdté impair allant des n° 83 a 189"
"1214","Périmétre : Périmétre Elémentaire Jules Ferry 2 (rue F.COLLE Cété pair allant des n° 72 a 998 et cote impair allant des n° 83 a 999","Périmétre : Périmetre Elémentaire Jules Ferry Jean Rostand Cété pair allant des n° 72 a 999 et cdté impair allant des n° 83 a 999"
"1223","EGALITE RUE DE L'EGALITE ‘ (","Périmétre : Périmetre Elementaire R.Salengro J.Béthinger Tout le cété pair et tout le cété impair"
"1224","EGALITE RUE DE L'EGALITE ‘ (","Périmétre : Périmetre Maternelle Alain Savary Roger Salengr Tout le cdté pair et tout le cété impair"
"1226","EGALITE ALLEE DE L'EGALITE","Périmétre : Périmetre Maternelle Alain Savary Roger Salengr Tout le cété pair et tout le coté impair"
"1227","EGALITE ALLEE DE L'EGALITE","Périmétre : Périmetre Elementaire R.Salengro J.Béthinger Tout le cété pair et tout le cote impair"
"1229","ELIE RUE GEORGES ELIE","Périmétre : Périmetre Elémentaire Léo Lagrange Tout le cété pair et tout le cété impair"
"1230","ELIE RUE GEORGES ELIE","Périmétre : Périmetre Maternelle Léo Lagrange Tout le cété pair et tout le cété impair"
"1232","ELUARD RUE PAUL ELUARD","Périmétre : Périmetre Maternelle Camille Claudel Tout le cdté pair et tout le cété impair"
"1236","ELUARD RUE PAUL ELUARD","Périmétre : Périmetre Elementaire Camille Claudel Tout le cété pair et tout le coté impair"
"1237","ELUARD RUE PAUL ELUARD","Périmétre : Périmetre Maternelle Camille Claudel Tout le cété pair et tout le cote impair"
"1239","ERABLES ALLEE DES ERABLES CP  f","Périmétre : Périmetre Maternelle Terre Saint Blaise Tout le cété pair et tout le cété impair ft L f"
"1240","ERABLES ALLEE DES ERABLES CP  f","Périmétre : Périmétre A.Césaire/A.Boulloche Tout le cété pair et tout le coté impair"
"1243","ESCHOLIERS RUE DES ESCHOLIERS","Périmétre : Périmetre Maternelle Terre Saint Blaise Tout le cété pair et tout le cété impair \V"
"1244","ESCHOLIERS RUE DES ESCHOLIERS","Périmétre : Périmétre A.Césaire/A.Boulloche Tout le cdté pair et tout le cété impair :"
"1246","ESPERANCE AVENUE DE L'ESPERANCE ‘, \ ERK","Périmétre : Périmetre Maternelle Henri Sellier Tout le cété pair et tout le cdté impair /"
"1247","ESPERANCE AVENUE DE L'ESPERANCE ‘, \ ERK","Périmétre : Périmetre Elémentaire Jules Ferry Jean Rostand Tout le cété pair et tout le coté impair j"
"1250","ESPERANTO ALLEE DE L'ESPERANTO . f oP","Périmétre : Périmetre Maternelle Terre Saint Blaise Tout le cété pair et tout le cété impair ."
"1252","EST AVENUE DE L'EST","Périmétre : Périmetre Maternelle Pierre Curie Tout le cété pair et tout le cété impair"
"1253","EST AVENUE DE L'EST","Périmétre : Périmétre Elémentaire Pierre Curie Tout le cété pair et tout le cdté impair"
"1255","ETOILE ALLEE DE L'ETOILE","Périmétre : Périmetre Maternelle Pierre Curie Tout le cété pair et tout le cété impair"
"1256","ETOILE ALLEE DE L'ETOILE","Périmétre : Périmétre Elémentaire Pierre Curie Tout le cété pair et tout le c6té impair"
"1258","EUDEMON PLACE EUDEMON","Périmétre : Périmetre Maternelle Terre Saint Blaise Tout le cété pair et tout le coté impair \/"
"1259","EUDEMON PLACE EUDEMON","Périmétre : Périmétre A.Césaire/A.Boulloche Tout le cété pair et tout le cété impair ."
"1264","FAURE ALLEE GABRIEL FAURE","Périmétre : Périmetre Maternelle Alain Savary Roger Salengr: Tout le cété pair et tout le cété impair"
"1265","FAURE ALLEE GABRIEL FAURE","Périmétre : Périmetre Elémentaire R.Salengro J.Béthinger Tout le cété pair et tout le cdté impair"
"1267","FAUVETTE ALLEE DE LAFAUVETTE","Périmétre : Périmetre Elementaire R.Salengro J.Béthinger Tout le cété pair et tout le c6té impair"
"1268","FAUVETTE ALLEE DE LAFAUVETTE","Périmétre : Périmetre Maternelle Alain Savary Roger Salengr Tout le cété pair et tout le coté impair"
"1270","FER A CHEVAL RUE DU FER A CHEVAL \ /","Périmétre : Périmetre Maternelle Terre Saint Blaise Tout le cété pair et tout le cdté impair \ }"
"1279","FER A CHEVAL RUE DU FER ACHEVAL \U","Périmétre : Périmétre A.Césaire/A.Boulloche Tout le cété pair et tout le cété impair"
"1284","FERDINAND RUE CHARLES FERDINAND |","Périmétre : Périmetre Elementaire Camille Claudel Tout le cété pair et tout le cété impair VV"
"1288","FERNAND POTTIER IMPASSE FERNAND POTTIER hod","Périmétre : Périmetre Guillaume Apollinaire Tout le cété pair et tout le cété impair"
"1292","FERRY AVENUE JULES FERRY","Périmétre : Périmetre Maternelle Pierre Curie Tout le cété pair et tout le cdété impair \ /"
"1295","FERRY AVENUE JULES FERRY","Périmétre : Périmétre Elémentaire Pierre Curie Tout le cété pair et tout le cété impair"
"1298","FLEURS PLACE DES FLEURS .","Périmétre : Périmetre Elémentaire Camille Claudel Tout le cété pair et tout le cété impair Vv"
"1299","FLEURS PLACE DES FLEURS .","Périmétre : Périmetre Maternelle Camille Claudel Tout le cété pair et tout le cété impair"
"1304","FLEURY VILLA FLEURY \ /","Périmétre : Périmetre Guillaume Apollinaire Tout le cété pair et tout le cété impair V"
"1305","FLEURY VILLA FLEURY \ /","Périmétre : Périmétre Elémentaire Guillaume Apollinaire Tout le cété pair et tout le cété impair"
"1308","FLORALIES RUE DES FLORALIES","Périmétre : Périmeétre Elementaire Noue Caillet Albert Camus Tout le cété pair et tout le cété impair \"
"1312","FONTAINE RUE FONTAINE","Périmétre : Périmétre Elementaire Louis Pasteur Tout le cété pair et tout le cété impair \ /"
"1313","FONTAINE RUE FONTAINE","Périmétre : Périmetre Maternelle Pasteur Tout le cété pair et tout le cété impair"
"1317","FORET PONT DE LAFORET ena hiny clbs ite ()","Périmétre : Périmétre Elémentaire Louis Pasteur Tout le cété pair et tout le coté impair» \"
"1318","FORET PONT DE LAFORET ena hiny clbs ite ()","Périmétre : Périmetre Maternelle Pasteur Tout le cdté pair et tout le cété impair"
"1321","FOSSEY SQUARE DIANE FOSSEY Q","Périmétre : Périmetre Maternelle Jules Ferry Tout le cété pair et tout le coté impair ."
"1322","FOSSEY SQUARE DIANE FOSSEY Q","Périmétre : Périmetre Elémentaire Jules Ferry Jean Rostand Tout le cété pair et tout le cété impair 8"
"1325","FOUGERES ALLEE DES FOUGERES /","Périmétre : Périmétre Elementaire Noue Caillet Albert Camus Tout le cété pair et tout le coté impair i /"
"1329","FOURCADE ALLEE MARIE-MADELEINE FOURCADE +","Périmétre : Périmétre Elementaire Noue Caillet Albert Camus Tout le cété pair et tout le cote impair A"
"1330","FOURCADE ALLEE MARIE-MADELEINE FOURCADE +","Périmétre : Périmetre Maternelle Jean Zay Tout le cété pair et tout le cété impair"
"1334","FRANCK ALLEE ANNE FRANCK","Périmétre : Périmetre Guillaume Apollinaire Tout le cété pair et tout le cdté impair"
"1337","FRANCS AUBIERS RUE DES FRANCS AUBIERS","Périmétre : Périmetre Maternelle Terre Saint Blaise Tout le cété pair et tout le cété impair"
"1338","FRANCS AUBIERS RUE DES FRANCS AUBIERS","Périmétre : Périmétre A.Césaire/A.Boulloche Tout le cété pair et tout le cété impair"
"1341","FRANK ALLEE ANNE FRANK","Périmétre : Périmetre Guillaume Apollinaire Tout le cété pair et tout le cété impair"
