"","FileModifyDate","SourceFile"
"1","2023:12:12 10:39:32+01:00","C:/Users/bmaranget/Documents/03_SIG/03_03_Data/05_PHOTOS/parc/PC120001.JPG"
"2","2023:12:12 10:42:54+01:00","C:/Users/bmaranget/Documents/03_SIG/03_03_Data/05_PHOTOS/parc/PC120002.JPG"
"3","2023:12:12 10:43:02+01:00","C:/Users/bmaranget/Documents/03_SIG/03_03_Data/05_PHOTOS/parc/PC120003.JPG"
"4","2023:12:12 10:43:30+01:00","C:/Users/bmaranget/Documents/03_SIG/03_03_Data/05_PHOTOS/parc/PC120004.JPG"
"5","2024:01:03 18:45:29+01:00","C:/Users/bmaranget/Documents/03_SIG/03_03_Data/05_PHOTOS/parc/PC120005.JPG"
"6","2023:12:12 10:49:26+01:00","C:/Users/bmaranget/Documents/03_SIG/03_03_Data/05_PHOTOS/parc/PC120006.JPG"
"7","2023:12:12 10:51:22+01:00","C:/Users/bmaranget/Documents/03_SIG/03_03_Data/05_PHOTOS/parc/PC120007.JPG"
"8","2024:01:03 18:45:38+01:00","C:/Users/bmaranget/Documents/03_SIG/03_03_Data/05_PHOTOS/parc/PC120008.JPG"
"9","2023:12:12 10:55:06+01:00","C:/Users/bmaranget/Documents/03_SIG/03_03_Data/05_PHOTOS/parc/PC120009.JPG"
"10","2023:12:12 10:59:18+01:00","C:/Users/bmaranget/Documents/03_SIG/03_03_Data/05_PHOTOS/parc/PC120010.JPG"
"11","2023:12:12 10:59:40+01:00","C:/Users/bmaranget/Documents/03_SIG/03_03_Data/05_PHOTOS/parc/PC120011.JPG"
"12","2023:12:12 11:00:06+01:00","C:/Users/bmaranget/Documents/03_SIG/03_03_Data/05_PHOTOS/parc/PC120012.JPG"
"13","2024:01:03 18:45:47+01:00","C:/Users/bmaranget/Documents/03_SIG/03_03_Data/05_PHOTOS/parc/PC120013.JPG"
"14","2023:12:12 11:13:22+01:00","C:/Users/bmaranget/Documents/03_SIG/03_03_Data/05_PHOTOS/parc/PC120014.JPG"
"15","2023:12:12 11:14:32+01:00","C:/Users/bmaranget/Documents/03_SIG/03_03_Data/05_PHOTOS/parc/PC120015.JPG"
"16","2023:12:12 11:16:54+01:00","C:/Users/bmaranget/Documents/03_SIG/03_03_Data/05_PHOTOS/parc/PC120016.JPG"
"17","2023:12:12 11:17:24+01:00","C:/Users/bmaranget/Documents/03_SIG/03_03_Data/05_PHOTOS/parc/PC120017.JPG"
"18","2024:01:03 18:45:59+01:00","C:/Users/bmaranget/Documents/03_SIG/03_03_Data/05_PHOTOS/parc/PC120018.JPG"
"19","2023:12:12 11:19:50+01:00","C:/Users/bmaranget/Documents/03_SIG/03_03_Data/05_PHOTOS/parc/PC120019.JPG"
"20","2024:01:03 18:46:07+01:00","C:/Users/bmaranget/Documents/03_SIG/03_03_Data/05_PHOTOS/parc/PC120020.JPG"
"21","2023:12:12 11:28:52+01:00","C:/Users/bmaranget/Documents/03_SIG/03_03_Data/05_PHOTOS/parc/PC120021.JPG"
"22","2024:01:03 18:46:16+01:00","C:/Users/bmaranget/Documents/03_SIG/03_03_Data/05_PHOTOS/parc/PC120022.JPG"
"23","2023:12:12 11:31:56+01:00","C:/Users/bmaranget/Documents/03_SIG/03_03_Data/05_PHOTOS/parc/PC120023.JPG"
"24","2023:12:12 11:32:02+01:00","C:/Users/bmaranget/Documents/03_SIG/03_03_Data/05_PHOTOS/parc/PC120024.JPG"
"25","2023:12:12 11:33:30+01:00","C:/Users/bmaranget/Documents/03_SIG/03_03_Data/05_PHOTOS/parc/PC120025.JPG"
"26","2023:12:12 11:33:38+01:00","C:/Users/bmaranget/Documents/03_SIG/03_03_Data/05_PHOTOS/parc/PC120026.JPG"
"27","2023:12:12 11:34:34+01:00","C:/Users/bmaranget/Documents/03_SIG/03_03_Data/05_PHOTOS/parc/PC120027.JPG"
"28","2023:12:12 11:35:10+01:00","C:/Users/bmaranget/Documents/03_SIG/03_03_Data/05_PHOTOS/parc/PC120028.JPG"
"29","2024:01:03 18:47:27+01:00","C:/Users/bmaranget/Documents/03_SIG/03_03_Data/05_PHOTOS/parc/PC120029.JPG"
"30","2024:01:03 18:47:32+01:00","C:/Users/bmaranget/Documents/03_SIG/03_03_Data/05_PHOTOS/parc/PC120030.JPG"
"31","2023:12:12 11:37:36+01:00","C:/Users/bmaranget/Documents/03_SIG/03_03_Data/05_PHOTOS/parc/PC120031.JPG"
"32","2023:12:12 11:43:48+01:00","C:/Users/bmaranget/Documents/03_SIG/03_03_Data/05_PHOTOS/parc/PC120032.JPG"
"33","2024:01:03 18:46:37+01:00","C:/Users/bmaranget/Documents/03_SIG/03_03_Data/05_PHOTOS/parc/PC120033.JPG"
"34","2024:01:03 18:46:47+01:00","C:/Users/bmaranget/Documents/03_SIG/03_03_Data/05_PHOTOS/parc/PC120034.JPG"
"35","2023:12:12 12:30:46+01:00","C:/Users/bmaranget/Documents/03_SIG/03_03_Data/05_PHOTOS/parc/PC120035.JPG"
"36","2023:12:12 12:32:36+01:00","C:/Users/bmaranget/Documents/03_SIG/03_03_Data/05_PHOTOS/parc/PC120036.JPG"
"37","2023:12:12 12:33:16+01:00","C:/Users/bmaranget/Documents/03_SIG/03_03_Data/05_PHOTOS/parc/PC120037.JPG"
"38","2023:12:12 12:39:40+01:00","C:/Users/bmaranget/Documents/03_SIG/03_03_Data/05_PHOTOS/parc/PC120038.JPG"
"39","2023:12:12 12:41:36+01:00","C:/Users/bmaranget/Documents/03_SIG/03_03_Data/05_PHOTOS/parc/PC120039.JPG"
"40","2024:01:03 18:47:02+01:00","C:/Users/bmaranget/Documents/03_SIG/03_03_Data/05_PHOTOS/parc/PC120040.JPG"
"41","2023:12:12 12:46:10+01:00","C:/Users/bmaranget/Documents/03_SIG/03_03_Data/05_PHOTOS/parc/PC120041.JPG"
"42","2023:12:12 12:48:18+01:00","C:/Users/bmaranget/Documents/03_SIG/03_03_Data/05_PHOTOS/parc/PC120042.JPG"
"43","2023:12:12 13:09:44+01:00","C:/Users/bmaranget/Documents/03_SIG/03_03_Data/05_PHOTOS/parc/PC120043.JPG"
